path,coarse,fine
sg_dataset/images/Canned/Ayam-Brand-Sardines/Ayam-Brand-Sardines_001.jpg,Canned,Ayam-Brand-Sardines
sg_dataset/images/Canned/Ayam-Brand-Sardines/Ayam-Brand-Sardines_003.jpg,Canned,Ayam-Brand-Sardines
sg_dataset/images/Canned/Ayam-Brand-Sardines/Ayam-Brand-Sardines_005.jpg,Canned,Ayam-Brand-Sardines
sg_dataset/images/Canned/Ayam-Brand-Sardines/Ayam-Brand-Sardines_007.jpg,Canned,Ayam-Brand-Sardines
sg_dataset/images/Canned/Ayam-Brand-Sardines/Ayam-Brand-Sardines_009.jpg,Canned,Ayam-Brand-Sardines
sg_dataset/images/Canned/Ayam-Brand-Sardines/Ayam-Brand-Sardines_011.jpg,Canned,Ayam-Brand-Sardines
sg_dataset/images/Canned/Ayam-Brand-Sardines/Ayam-Brand-Sardines_013.jpg,Canned,Ayam-Brand-Sardines
sg_dataset/images/Canned/Ayam-Brand-Sardines/Ayam-Brand-Sardines_015.jpg,Canned,Ayam-Brand-Sardines
sg_dataset/images/Canned/Ayam-Brand-Sardines/Ayam-Brand-Sardines_017.jpg,Canned,Ayam-Brand-Sardines
sg_dataset/images/Canned/Ayam-Brand-Sardines/Ayam-Brand-Sardines_019.jpg,Canned,Ayam-Brand-Sardines
sg_dataset/images/Canned/Ayam-Brand-Sardines/Ayam-Brand-Sardines_021.jpg,Canned,Ayam-Brand-Sardines
sg_dataset/images/Canned/Ayam-Brand-Sardines/Ayam-Brand-Sardines_023.jpg,Canned,Ayam-Brand-Sardines
sg_dataset/images/Canned/Ayam-Brand-Sardines/Ayam-Brand-Sardines_025.jpg,Canned,Ayam-Brand-Sardines
sg_dataset/images/Canned/Ayam-Brand-Sardines/Ayam-Brand-Sardines_027.jpg,Canned,Ayam-Brand-Sardines
sg_dataset/images/Canned/Ayam-Brand-Sardines/Ayam-Brand-Sardines_029.jpg,Canned,Ayam-Brand-Sardines
sg_dataset/images/Canned/Ayam-Brand-Sardines/Ayam-Brand-Sardines_031.jpg,Canned,Ayam-Brand-Sardines
sg_dataset/images/Canned/Ayam-Brand-Sardines/Ayam-Brand-Sardines_033.jpg,Canned,Ayam-Brand-Sardines
sg_dataset/images/Canned/Ayam-Brand-Sardines/Ayam-Brand-Sardines_035.jpg,Canned,Ayam-Brand-Sardines
sg_dataset/images/Canned/Ayam-Brand-Sardines/Ayam-Brand-Sardines_037.jpg,Canned,Ayam-Brand-Sardines
sg_dataset/images/Canned/Ayam-Brand-Sardines/Ayam-Brand-Sardines_039.jpg,Canned,Ayam-Brand-Sardines
sg_dataset/images/Canned/Ayam-Brand-Sardines/Ayam-Brand-Sardines_041.jpg,Canned,Ayam-Brand-Sardines
sg_dataset/images/Canned/Ayam-Brand-Sardines/Ayam-Brand-Sardines_043.jpg,Canned,Ayam-Brand-Sardines
sg_dataset/images/Canned/Ayam-Brand-Sardines/Ayam-Brand-Sardines_045.jpg,Canned,Ayam-Brand-Sardines
sg_dataset/images/Canned/Ayam-Brand-Sardines/Ayam-Brand-Sardines_047.jpg,Canned,Ayam-Brand-Sardines
sg_dataset/images/Canned/Ayam-Brand-Sardines/Ayam-Brand-Sardines_049.jpg,Canned,Ayam-Brand-Sardines
sg_dataset/images/Canned/Ayam-Brand-Sardines/Ayam-Brand-Sardines_051.jpg,Canned,Ayam-Brand-Sardines
sg_dataset/images/Canned/Ayam-Brand-Sardines/Ayam-Brand-Sardines_053.jpg,Canned,Ayam-Brand-Sardines
sg_dataset/images/Canned/Ayam-Brand-Sardines/Ayam-Brand-Sardines_055.jpg,Canned,Ayam-Brand-Sardines
sg_dataset/images/Canned/Ayam-Brand-Sardines/Ayam-Brand-Sardines_057.jpg,Canned,Ayam-Brand-Sardines
sg_dataset/images/Canned/Ayam-Brand-Sardines/Ayam-Brand-Sardines_059.jpg,Canned,Ayam-Brand-Sardines
sg_dataset/images/Canned/Ayam-Brand-Sardines/Ayam-Brand-Sardines_061.jpg,Canned,Ayam-Brand-Sardines
sg_dataset/images/Canned/Ayam-Brand-Sardines/Ayam-Brand-Sardines_063.jpg,Canned,Ayam-Brand-Sardines
sg_dataset/images/Canned/Ayam-Brand-Sardines/Ayam-Brand-Sardines_065.jpg,Canned,Ayam-Brand-Sardines
sg_dataset/images/Canned/Ayam-Brand-Sardines/Ayam-Brand-Sardines_067.jpg,Canned,Ayam-Brand-Sardines
sg_dataset/images/Canned/Ayam-Brand-Sardines/Ayam-Brand-Sardines_069.jpg,Canned,Ayam-Brand-Sardines
sg_dataset/images/Canned/Ayam-Brand-Sardines/Ayam-Brand-Sardines_071.jpg,Canned,Ayam-Brand-Sardines
sg_dataset/images/Canned/Ayam-Brand-Sardines/Ayam-Brand-Sardines_073.jpg,Canned,Ayam-Brand-Sardines
sg_dataset/images/Canned/Ayam-Brand-Sardines/Ayam-Brand-Sardines_075.jpg,Canned,Ayam-Brand-Sardines
sg_dataset/images/Canned/Ayam-Brand-Sardines/Ayam-Brand-Sardines_077.jpg,Canned,Ayam-Brand-Sardines
sg_dataset/images/Canned/Ayam-Brand-Sardines/Ayam-Brand-Sardines_081.jpg,Canned,Ayam-Brand-Sardines
sg_dataset/images/Fruit/Bananas/Bananas_001.jpg,Fruit,Bananas
sg_dataset/images/Fruit/Bananas/Bananas_003.jpg,Fruit,Bananas
sg_dataset/images/Fruit/Bananas/Bananas_005.jpg,Fruit,Bananas
sg_dataset/images/Fruit/Bananas/Bananas_007.jpg,Fruit,Bananas
sg_dataset/images/Fruit/Bananas/Bananas_009.jpg,Fruit,Bananas
sg_dataset/images/Fruit/Bananas/Bananas_011.jpg,Fruit,Bananas
sg_dataset/images/Fruit/Bananas/Bananas_013.jpg,Fruit,Bananas
sg_dataset/images/Fruit/Bananas/Bananas_015.jpg,Fruit,Bananas
sg_dataset/images/Fruit/Bananas/Bananas_017.jpg,Fruit,Bananas
sg_dataset/images/Fruit/Bananas/Bananas_019.jpg,Fruit,Bananas
sg_dataset/images/Fruit/Bananas/Bananas_021.jpg,Fruit,Bananas
sg_dataset/images/Fruit/Bananas/Bananas_023_aug_flip.jpg,Fruit,Bananas
sg_dataset/images/Fruit/Bananas/Bananas_024_aug_rot8.jpg,Fruit,Bananas
sg_dataset/images/Fruit/Bananas/Bananas_025_aug_rot-8.jpg,Fruit,Bananas
sg_dataset/images/Fruit/Bananas/Bananas_026_aug_bright.jpg,Fruit,Bananas
sg_dataset/images/Fruit/Bananas/Bananas_027_aug_dark.jpg,Fruit,Bananas
sg_dataset/images/Fruit/Bananas/Bananas_028_aug_contrast.jpg,Fruit,Bananas
sg_dataset/images/Fruit/Bananas/Bananas_029_aug_sat.jpg,Fruit,Bananas
sg_dataset/images/Fruit/Bananas/Bananas_030_aug_crop.jpg,Fruit,Bananas
sg_dataset/images/Fruit/Bananas/Bananas_031_aug_flip.jpg,Fruit,Bananas
sg_dataset/images/Fruit/Bananas/Bananas_032_aug_rot8.jpg,Fruit,Bananas
sg_dataset/images/Fruit/Bananas/Bananas_033_aug_rot-8.jpg,Fruit,Bananas
sg_dataset/images/Fruit/Bananas/Bananas_034_aug_bright.jpg,Fruit,Bananas
sg_dataset/images/Fruit/Bananas/Bananas_035_aug_dark.jpg,Fruit,Bananas
sg_dataset/images/Fruit/Bananas/Bananas_036_aug_contrast.jpg,Fruit,Bananas
sg_dataset/images/Fruit/Bananas/Bananas_037_aug_sat.jpg,Fruit,Bananas
sg_dataset/images/Fruit/Bananas/Bananas_038_aug_crop.jpg,Fruit,Bananas
sg_dataset/images/Fruit/Bananas/Bananas_039_aug_flip.jpg,Fruit,Bananas
sg_dataset/images/Fruit/Bananas/Bananas_040_aug_rot8.jpg,Fruit,Bananas
sg_dataset/images/Fruit/Bananas/Bananas_041_aug_rot-8.jpg,Fruit,Bananas
sg_dataset/images/Fruit/Bananas/Bananas_042_aug_bright.jpg,Fruit,Bananas
sg_dataset/images/Fruit/Bananas/Bananas_043_aug_dark.jpg,Fruit,Bananas
sg_dataset/images/Fruit/Bananas/Bananas_044_aug_contrast.jpg,Fruit,Bananas
sg_dataset/images/Fruit/Bananas/Bananas_045_aug_sat.jpg,Fruit,Bananas
sg_dataset/images/Fruit/Bananas/Bananas_046_aug_crop.jpg,Fruit,Bananas
sg_dataset/images/Fruit/Bananas/Bananas_047_aug_flip.jpg,Fruit,Bananas
sg_dataset/images/Fruit/Bananas/Bananas_048_aug_rot8.jpg,Fruit,Bananas
sg_dataset/images/Fruit/Bananas/Bananas_049_aug_rot-8.jpg,Fruit,Bananas
sg_dataset/images/Fruit/Bananas/Bananas_050_aug_bright.jpg,Fruit,Bananas
sg_dataset/images/Fruit/Bananas/Bananas_051_aug_dark.jpg,Fruit,Bananas
sg_dataset/images/Snacks/Camel-Nuts/Camel-Nuts_001.jpg,Snacks,Camel-Nuts
sg_dataset/images/Snacks/Camel-Nuts/Camel-Nuts_003.jpg,Snacks,Camel-Nuts
sg_dataset/images/Snacks/Camel-Nuts/Camel-Nuts_005.jpg,Snacks,Camel-Nuts
sg_dataset/images/Snacks/Camel-Nuts/Camel-Nuts_007.jpg,Snacks,Camel-Nuts
sg_dataset/images/Snacks/Camel-Nuts/Camel-Nuts_009.jpg,Snacks,Camel-Nuts
sg_dataset/images/Snacks/Camel-Nuts/Camel-Nuts_011.jpg,Snacks,Camel-Nuts
sg_dataset/images/Snacks/Camel-Nuts/Camel-Nuts_013.jpg,Snacks,Camel-Nuts
sg_dataset/images/Snacks/Camel-Nuts/Camel-Nuts_015.jpg,Snacks,Camel-Nuts
sg_dataset/images/Snacks/Camel-Nuts/Camel-Nuts_017.jpg,Snacks,Camel-Nuts
sg_dataset/images/Snacks/Camel-Nuts/Camel-Nuts_019.jpg,Snacks,Camel-Nuts
sg_dataset/images/Snacks/Camel-Nuts/Camel-Nuts_021.jpg,Snacks,Camel-Nuts
sg_dataset/images/Snacks/Camel-Nuts/Camel-Nuts_023.jpg,Snacks,Camel-Nuts
sg_dataset/images/Snacks/Camel-Nuts/Camel-Nuts_025.jpg,Snacks,Camel-Nuts
sg_dataset/images/Snacks/Camel-Nuts/Camel-Nuts_027.jpg,Snacks,Camel-Nuts
sg_dataset/images/Snacks/Camel-Nuts/Camel-Nuts_029.jpg,Snacks,Camel-Nuts
sg_dataset/images/Snacks/Camel-Nuts/Camel-Nuts_031.jpg,Snacks,Camel-Nuts
sg_dataset/images/Snacks/Camel-Nuts/Camel-Nuts_033.jpg,Snacks,Camel-Nuts
sg_dataset/images/Snacks/Camel-Nuts/Camel-Nuts_035.jpg,Snacks,Camel-Nuts
sg_dataset/images/Snacks/Camel-Nuts/Camel-Nuts_037.jpg,Snacks,Camel-Nuts
sg_dataset/images/Snacks/Camel-Nuts/Camel-Nuts_039.jpg,Snacks,Camel-Nuts
sg_dataset/images/Snacks/Camel-Nuts/Camel-Nuts_041.jpg,Snacks,Camel-Nuts
sg_dataset/images/Snacks/Camel-Nuts/Camel-Nuts_043.jpg,Snacks,Camel-Nuts
sg_dataset/images/Snacks/Camel-Nuts/Camel-Nuts_045.jpg,Snacks,Camel-Nuts
sg_dataset/images/Snacks/Camel-Nuts/Camel-Nuts_047.jpg,Snacks,Camel-Nuts
sg_dataset/images/Snacks/Camel-Nuts/Camel-Nuts_049.jpg,Snacks,Camel-Nuts
sg_dataset/images/Snacks/Camel-Nuts/Camel-Nuts_051.jpg,Snacks,Camel-Nuts
sg_dataset/images/Snacks/Camel-Nuts/Camel-Nuts_053.jpg,Snacks,Camel-Nuts
sg_dataset/images/Snacks/Camel-Nuts/Camel-Nuts_055.jpg,Snacks,Camel-Nuts
sg_dataset/images/Snacks/Camel-Nuts/Camel-Nuts_057.jpg,Snacks,Camel-Nuts
sg_dataset/images/Snacks/Camel-Nuts/Camel-Nuts_059.jpg,Snacks,Camel-Nuts
sg_dataset/images/Snacks/Camel-Nuts/Camel-Nuts_061.jpg,Snacks,Camel-Nuts
sg_dataset/images/Snacks/Camel-Nuts/Camel-Nuts_063.jpg,Snacks,Camel-Nuts
sg_dataset/images/Snacks/Camel-Nuts/Camel-Nuts_065.jpg,Snacks,Camel-Nuts
sg_dataset/images/Snacks/Camel-Nuts/Camel-Nuts_067.jpg,Snacks,Camel-Nuts
sg_dataset/images/Snacks/Camel-Nuts/Camel-Nuts_069.jpg,Snacks,Camel-Nuts
sg_dataset/images/Snacks/Camel-Nuts/Camel-Nuts_071.jpg,Snacks,Camel-Nuts
sg_dataset/images/Snacks/Camel-Nuts/Camel-Nuts_073.jpg,Snacks,Camel-Nuts
sg_dataset/images/Snacks/Camel-Nuts/Camel-Nuts_075.jpg,Snacks,Camel-Nuts
sg_dataset/images/Snacks/Camel-Nuts/Camel-Nuts_077.jpg,Snacks,Camel-Nuts
sg_dataset/images/Snacks/Camel-Nuts/Camel-Nuts_079.jpg,Snacks,Camel-Nuts
sg_dataset/images/Vegetables/Chye-Sim/Chye-Sim_001.jpg,Vegetables,Chye-Sim
sg_dataset/images/Vegetables/Chye-Sim/Chye-Sim_003.jpg,Vegetables,Chye-Sim
sg_dataset/images/Vegetables/Chye-Sim/Chye-Sim_005.jpg,Vegetables,Chye-Sim
sg_dataset/images/Vegetables/Chye-Sim/Chye-Sim_007.jpg,Vegetables,Chye-Sim
sg_dataset/images/Vegetables/Chye-Sim/Chye-Sim_009.jpg,Vegetables,Chye-Sim
sg_dataset/images/Vegetables/Chye-Sim/Chye-Sim_011.jpg,Vegetables,Chye-Sim
sg_dataset/images/Vegetables/Chye-Sim/Chye-Sim_013.jpg,Vegetables,Chye-Sim
sg_dataset/images/Vegetables/Chye-Sim/Chye-Sim_015.jpg,Vegetables,Chye-Sim
sg_dataset/images/Vegetables/Chye-Sim/Chye-Sim_017.jpg,Vegetables,Chye-Sim
sg_dataset/images/Vegetables/Chye-Sim/Chye-Sim_019.jpg,Vegetables,Chye-Sim
sg_dataset/images/Vegetables/Chye-Sim/Chye-Sim_021.jpg,Vegetables,Chye-Sim
sg_dataset/images/Vegetables/Chye-Sim/Chye-Sim_023.jpg,Vegetables,Chye-Sim
sg_dataset/images/Vegetables/Chye-Sim/Chye-Sim_025.jpg,Vegetables,Chye-Sim
sg_dataset/images/Vegetables/Chye-Sim/Chye-Sim_027.jpg,Vegetables,Chye-Sim
sg_dataset/images/Vegetables/Chye-Sim/Chye-Sim_029.jpg,Vegetables,Chye-Sim
sg_dataset/images/Vegetables/Chye-Sim/Chye-Sim_031.jpg,Vegetables,Chye-Sim
sg_dataset/images/Vegetables/Chye-Sim/Chye-Sim_033.jpg,Vegetables,Chye-Sim
sg_dataset/images/Vegetables/Chye-Sim/Chye-Sim_035.jpg,Vegetables,Chye-Sim
sg_dataset/images/Vegetables/Chye-Sim/Chye-Sim_037.jpg,Vegetables,Chye-Sim
sg_dataset/images/Vegetables/Chye-Sim/Chye-Sim_039.jpg,Vegetables,Chye-Sim
sg_dataset/images/Vegetables/Chye-Sim/Chye-Sim_041.jpg,Vegetables,Chye-Sim
sg_dataset/images/Vegetables/Chye-Sim/Chye-Sim_043.jpg,Vegetables,Chye-Sim
sg_dataset/images/Vegetables/Chye-Sim/Chye-Sim_045.jpg,Vegetables,Chye-Sim
sg_dataset/images/Vegetables/Chye-Sim/Chye-Sim_047.jpg,Vegetables,Chye-Sim
sg_dataset/images/Vegetables/Chye-Sim/Chye-Sim_049.jpg,Vegetables,Chye-Sim
sg_dataset/images/Vegetables/Chye-Sim/Chye-Sim_051.jpg,Vegetables,Chye-Sim
sg_dataset/images/Vegetables/Chye-Sim/Chye-Sim_053.jpg,Vegetables,Chye-Sim
sg_dataset/images/Vegetables/Chye-Sim/Chye-Sim_055_aug_flip.jpg,Vegetables,Chye-Sim
sg_dataset/images/Vegetables/Chye-Sim/Chye-Sim_056_aug_rot8.jpg,Vegetables,Chye-Sim
sg_dataset/images/Vegetables/Chye-Sim/Chye-Sim_057_aug_rot-8.jpg,Vegetables,Chye-Sim
sg_dataset/images/Vegetables/Chye-Sim/Chye-Sim_058_aug_bright.jpg,Vegetables,Chye-Sim
sg_dataset/images/Vegetables/Chye-Sim/Chye-Sim_059_aug_dark.jpg,Vegetables,Chye-Sim
sg_dataset/images/Vegetables/Chye-Sim/Chye-Sim_060_aug_contrast.jpg,Vegetables,Chye-Sim
sg_dataset/images/Vegetables/Chye-Sim/Chye-Sim_061_aug_sat.jpg,Vegetables,Chye-Sim
sg_dataset/images/Vegetables/Chye-Sim/Chye-Sim_062_aug_crop.jpg,Vegetables,Chye-Sim
sg_dataset/images/Vegetables/Chye-Sim/Chye-Sim_063_aug_flip.jpg,Vegetables,Chye-Sim
sg_dataset/images/Vegetables/Chye-Sim/Chye-Sim_064_aug_rot8.jpg,Vegetables,Chye-Sim
sg_dataset/images/Vegetables/Chye-Sim/Chye-Sim_065_aug_rot-8.jpg,Vegetables,Chye-Sim
sg_dataset/images/Vegetables/Chye-Sim/Chye-Sim_066_aug_bright.jpg,Vegetables,Chye-Sim
sg_dataset/images/Vegetables/Chye-Sim/Chye-Sim_067_aug_dark.jpg,Vegetables,Chye-Sim
sg_dataset/images/Beverages/FN-Seasons/FN-Seasons_001.jpg,Beverages,FN-Seasons
sg_dataset/images/Beverages/FN-Seasons/FN-Seasons_003.jpg,Beverages,FN-Seasons
sg_dataset/images/Beverages/FN-Seasons/FN-Seasons_005.jpg,Beverages,FN-Seasons
sg_dataset/images/Beverages/FN-Seasons/FN-Seasons_007.jpg,Beverages,FN-Seasons
sg_dataset/images/Beverages/FN-Seasons/FN-Seasons_009.jpg,Beverages,FN-Seasons
sg_dataset/images/Beverages/FN-Seasons/FN-Seasons_011.jpg,Beverages,FN-Seasons
sg_dataset/images/Beverages/FN-Seasons/FN-Seasons_013.jpg,Beverages,FN-Seasons
sg_dataset/images/Beverages/FN-Seasons/FN-Seasons_015.jpg,Beverages,FN-Seasons
sg_dataset/images/Beverages/FN-Seasons/FN-Seasons_017.jpg,Beverages,FN-Seasons
sg_dataset/images/Beverages/FN-Seasons/FN-Seasons_019.jpg,Beverages,FN-Seasons
sg_dataset/images/Beverages/FN-Seasons/FN-Seasons_021.jpg,Beverages,FN-Seasons
sg_dataset/images/Beverages/FN-Seasons/FN-Seasons_023.jpg,Beverages,FN-Seasons
sg_dataset/images/Beverages/FN-Seasons/FN-Seasons_025.jpg,Beverages,FN-Seasons
sg_dataset/images/Beverages/FN-Seasons/FN-Seasons_027.jpg,Beverages,FN-Seasons
sg_dataset/images/Beverages/FN-Seasons/FN-Seasons_029.jpg,Beverages,FN-Seasons
sg_dataset/images/Beverages/FN-Seasons/FN-Seasons_031.jpg,Beverages,FN-Seasons
sg_dataset/images/Beverages/FN-Seasons/FN-Seasons_033.jpg,Beverages,FN-Seasons
sg_dataset/images/Beverages/FN-Seasons/FN-Seasons_035.jpg,Beverages,FN-Seasons
sg_dataset/images/Beverages/FN-Seasons/FN-Seasons_037.jpg,Beverages,FN-Seasons
sg_dataset/images/Beverages/FN-Seasons/FN-Seasons_039.jpg,Beverages,FN-Seasons
sg_dataset/images/Beverages/FN-Seasons/FN-Seasons_041.jpg,Beverages,FN-Seasons
sg_dataset/images/Beverages/FN-Seasons/FN-Seasons_043.jpg,Beverages,FN-Seasons
sg_dataset/images/Beverages/FN-Seasons/FN-Seasons_045.jpg,Beverages,FN-Seasons
sg_dataset/images/Beverages/FN-Seasons/FN-Seasons_047.jpg,Beverages,FN-Seasons
sg_dataset/images/Beverages/FN-Seasons/FN-Seasons_049.jpg,Beverages,FN-Seasons
sg_dataset/images/Beverages/FN-Seasons/FN-Seasons_051.jpg,Beverages,FN-Seasons
sg_dataset/images/Beverages/FN-Seasons/FN-Seasons_053.jpg,Beverages,FN-Seasons
sg_dataset/images/Beverages/FN-Seasons/FN-Seasons_055.jpg,Beverages,FN-Seasons
sg_dataset/images/Beverages/FN-Seasons/FN-Seasons_057.jpg,Beverages,FN-Seasons
sg_dataset/images/Beverages/FN-Seasons/FN-Seasons_059.jpg,Beverages,FN-Seasons
sg_dataset/images/Beverages/FN-Seasons/FN-Seasons_061.jpg,Beverages,FN-Seasons
sg_dataset/images/Beverages/FN-Seasons/FN-Seasons_063.jpg,Beverages,FN-Seasons
sg_dataset/images/Beverages/FN-Seasons/FN-Seasons_065.jpg,Beverages,FN-Seasons
sg_dataset/images/Beverages/FN-Seasons/FN-Seasons_067.jpg,Beverages,FN-Seasons
sg_dataset/images/Beverages/FN-Seasons/FN-Seasons_069.jpg,Beverages,FN-Seasons
sg_dataset/images/Beverages/FN-Seasons/FN-Seasons_071.jpg,Beverages,FN-Seasons
sg_dataset/images/Beverages/FN-Seasons/FN-Seasons_073.jpg,Beverages,FN-Seasons
sg_dataset/images/Beverages/FN-Seasons/FN-Seasons_075.jpg,Beverages,FN-Seasons
sg_dataset/images/Beverages/FN-Seasons/FN-Seasons_077.jpg,Beverages,FN-Seasons
sg_dataset/images/Beverages/FN-Seasons/FN-Seasons_079.jpg,Beverages,FN-Seasons
sg_dataset/images/Bakery/Gardenia-White-Bread/Gardenia-White-Bread_001.jpg,Bakery,Gardenia-White-Bread
sg_dataset/images/Bakery/Gardenia-White-Bread/Gardenia-White-Bread_003.jpg,Bakery,Gardenia-White-Bread
sg_dataset/images/Bakery/Gardenia-White-Bread/Gardenia-White-Bread_005.jpg,Bakery,Gardenia-White-Bread
sg_dataset/images/Bakery/Gardenia-White-Bread/Gardenia-White-Bread_007.jpg,Bakery,Gardenia-White-Bread
sg_dataset/images/Bakery/Gardenia-White-Bread/Gardenia-White-Bread_009.jpg,Bakery,Gardenia-White-Bread
sg_dataset/images/Bakery/Gardenia-White-Bread/Gardenia-White-Bread_011.jpg,Bakery,Gardenia-White-Bread
sg_dataset/images/Bakery/Gardenia-White-Bread/Gardenia-White-Bread_013.jpg,Bakery,Gardenia-White-Bread
sg_dataset/images/Bakery/Gardenia-White-Bread/Gardenia-White-Bread_015.jpg,Bakery,Gardenia-White-Bread
sg_dataset/images/Bakery/Gardenia-White-Bread/Gardenia-White-Bread_017.jpg,Bakery,Gardenia-White-Bread
sg_dataset/images/Bakery/Gardenia-White-Bread/Gardenia-White-Bread_019.jpg,Bakery,Gardenia-White-Bread
sg_dataset/images/Bakery/Gardenia-White-Bread/Gardenia-White-Bread_021.jpg,Bakery,Gardenia-White-Bread
sg_dataset/images/Bakery/Gardenia-White-Bread/Gardenia-White-Bread_023.jpg,Bakery,Gardenia-White-Bread
sg_dataset/images/Bakery/Gardenia-White-Bread/Gardenia-White-Bread_025.jpg,Bakery,Gardenia-White-Bread
sg_dataset/images/Bakery/Gardenia-White-Bread/Gardenia-White-Bread_027.jpg,Bakery,Gardenia-White-Bread
sg_dataset/images/Bakery/Gardenia-White-Bread/Gardenia-White-Bread_029.jpg,Bakery,Gardenia-White-Bread
sg_dataset/images/Bakery/Gardenia-White-Bread/Gardenia-White-Bread_031.jpg,Bakery,Gardenia-White-Bread
sg_dataset/images/Bakery/Gardenia-White-Bread/Gardenia-White-Bread_033.jpg,Bakery,Gardenia-White-Bread
sg_dataset/images/Bakery/Gardenia-White-Bread/Gardenia-White-Bread_035.jpg,Bakery,Gardenia-White-Bread
sg_dataset/images/Bakery/Gardenia-White-Bread/Gardenia-White-Bread_037.jpg,Bakery,Gardenia-White-Bread
sg_dataset/images/Bakery/Gardenia-White-Bread/Gardenia-White-Bread_039.jpg,Bakery,Gardenia-White-Bread
sg_dataset/images/Bakery/Gardenia-White-Bread/Gardenia-White-Bread_041.jpg,Bakery,Gardenia-White-Bread
sg_dataset/images/Bakery/Gardenia-White-Bread/Gardenia-White-Bread_043.jpg,Bakery,Gardenia-White-Bread
sg_dataset/images/Bakery/Gardenia-White-Bread/Gardenia-White-Bread_045.jpg,Bakery,Gardenia-White-Bread
sg_dataset/images/Bakery/Gardenia-White-Bread/Gardenia-White-Bread_047.jpg,Bakery,Gardenia-White-Bread
sg_dataset/images/Bakery/Gardenia-White-Bread/Gardenia-White-Bread_049.jpg,Bakery,Gardenia-White-Bread
sg_dataset/images/Bakery/Gardenia-White-Bread/Gardenia-White-Bread_051.jpg,Bakery,Gardenia-White-Bread
sg_dataset/images/Bakery/Gardenia-White-Bread/Gardenia-White-Bread_053.jpg,Bakery,Gardenia-White-Bread
sg_dataset/images/Bakery/Gardenia-White-Bread/Gardenia-White-Bread_055.jpg,Bakery,Gardenia-White-Bread
sg_dataset/images/Bakery/Gardenia-White-Bread/Gardenia-White-Bread_057.jpg,Bakery,Gardenia-White-Bread
sg_dataset/images/Bakery/Gardenia-White-Bread/Gardenia-White-Bread_059.jpg,Bakery,Gardenia-White-Bread
sg_dataset/images/Bakery/Gardenia-White-Bread/Gardenia-White-Bread_061.jpg,Bakery,Gardenia-White-Bread
sg_dataset/images/Bakery/Gardenia-White-Bread/Gardenia-White-Bread_065.jpg,Bakery,Gardenia-White-Bread
sg_dataset/images/Bakery/Gardenia-White-Bread/Gardenia-White-Bread_067.jpg,Bakery,Gardenia-White-Bread
sg_dataset/images/Bakery/Gardenia-White-Bread/Gardenia-White-Bread_069.jpg,Bakery,Gardenia-White-Bread
sg_dataset/images/Bakery/Gardenia-White-Bread/Gardenia-White-Bread_071.jpg,Bakery,Gardenia-White-Bread
sg_dataset/images/Bakery/Gardenia-White-Bread/Gardenia-White-Bread_073.jpg,Bakery,Gardenia-White-Bread
sg_dataset/images/Bakery/Gardenia-White-Bread/Gardenia-White-Bread_075.jpg,Bakery,Gardenia-White-Bread
sg_dataset/images/Bakery/Gardenia-White-Bread/Gardenia-White-Bread_077.jpg,Bakery,Gardenia-White-Bread
sg_dataset/images/Beverages/Ice-Mountain-Water/Ice-Mountain-Water_001.jpg,Beverages,Ice-Mountain-Water
sg_dataset/images/Beverages/Ice-Mountain-Water/Ice-Mountain-Water_003.jpg,Beverages,Ice-Mountain-Water
sg_dataset/images/Beverages/Ice-Mountain-Water/Ice-Mountain-Water_005.jpg,Beverages,Ice-Mountain-Water
sg_dataset/images/Beverages/Ice-Mountain-Water/Ice-Mountain-Water_007.jpg,Beverages,Ice-Mountain-Water
sg_dataset/images/Beverages/Ice-Mountain-Water/Ice-Mountain-Water_009.jpg,Beverages,Ice-Mountain-Water
sg_dataset/images/Beverages/Ice-Mountain-Water/Ice-Mountain-Water_011.jpg,Beverages,Ice-Mountain-Water
sg_dataset/images/Beverages/Ice-Mountain-Water/Ice-Mountain-Water_013.jpg,Beverages,Ice-Mountain-Water
sg_dataset/images/Beverages/Ice-Mountain-Water/Ice-Mountain-Water_017.jpg,Beverages,Ice-Mountain-Water
sg_dataset/images/Beverages/Ice-Mountain-Water/Ice-Mountain-Water_022.jpg,Beverages,Ice-Mountain-Water
sg_dataset/images/Beverages/Ice-Mountain-Water/Ice-Mountain-Water_024.jpg,Beverages,Ice-Mountain-Water
sg_dataset/images/Beverages/Ice-Mountain-Water/Ice-Mountain-Water_028.jpg,Beverages,Ice-Mountain-Water
sg_dataset/images/Beverages/Ice-Mountain-Water/Ice-Mountain-Water_031.jpg,Beverages,Ice-Mountain-Water
sg_dataset/images/Beverages/Ice-Mountain-Water/Ice-Mountain-Water_034.jpg,Beverages,Ice-Mountain-Water
sg_dataset/images/Beverages/Ice-Mountain-Water/Ice-Mountain-Water_036.jpg,Beverages,Ice-Mountain-Water
sg_dataset/images/Beverages/Ice-Mountain-Water/Ice-Mountain-Water_042.jpg,Beverages,Ice-Mountain-Water
sg_dataset/images/Beverages/Ice-Mountain-Water/Ice-Mountain-Water_044.jpg,Beverages,Ice-Mountain-Water
sg_dataset/images/Beverages/Ice-Mountain-Water/Ice-Mountain-Water_047.jpg,Beverages,Ice-Mountain-Water
sg_dataset/images/Beverages/Ice-Mountain-Water/Ice-Mountain-Water_050.jpg,Beverages,Ice-Mountain-Water
sg_dataset/images/Beverages/Ice-Mountain-Water/Ice-Mountain-Water_052.jpg,Beverages,Ice-Mountain-Water
sg_dataset/images/Beverages/Ice-Mountain-Water/Ice-Mountain-Water_058.jpg,Beverages,Ice-Mountain-Water
sg_dataset/images/Beverages/Ice-Mountain-Water/Ice-Mountain-Water_060.jpg,Beverages,Ice-Mountain-Water
sg_dataset/images/Beverages/Ice-Mountain-Water/Ice-Mountain-Water_062.jpg,Beverages,Ice-Mountain-Water
sg_dataset/images/Beverages/Ice-Mountain-Water/Ice-Mountain-Water_064.jpg,Beverages,Ice-Mountain-Water
sg_dataset/images/Beverages/Ice-Mountain-Water/Ice-Mountain-Water_066.jpg,Beverages,Ice-Mountain-Water
sg_dataset/images/Beverages/Ice-Mountain-Water/Ice-Mountain-Water_068.jpg,Beverages,Ice-Mountain-Water
sg_dataset/images/Beverages/Ice-Mountain-Water/Ice-Mountain-Water_070.jpg,Beverages,Ice-Mountain-Water
sg_dataset/images/Beverages/Ice-Mountain-Water/Ice-Mountain-Water_072.jpg,Beverages,Ice-Mountain-Water
sg_dataset/images/Beverages/Ice-Mountain-Water/Ice-Mountain-Water_074.jpg,Beverages,Ice-Mountain-Water
sg_dataset/images/Beverages/Ice-Mountain-Water/Ice-Mountain-Water_079.jpg,Beverages,Ice-Mountain-Water
sg_dataset/images/Beverages/Ice-Mountain-Water/Ice-Mountain-Water_084.jpg,Beverages,Ice-Mountain-Water
sg_dataset/images/Beverages/Ice-Mountain-Water/Ice-Mountain-Water_088.jpg,Beverages,Ice-Mountain-Water
sg_dataset/images/Beverages/Ice-Mountain-Water/Ice-Mountain-Water_092.jpg,Beverages,Ice-Mountain-Water
sg_dataset/images/Beverages/Ice-Mountain-Water/Ice-Mountain-Water_094.jpg,Beverages,Ice-Mountain-Water
sg_dataset/images/Beverages/Ice-Mountain-Water/Ice-Mountain-Water_096.jpg,Beverages,Ice-Mountain-Water
sg_dataset/images/Beverages/Ice-Mountain-Water/Ice-Mountain-Water_098.jpg,Beverages,Ice-Mountain-Water
sg_dataset/images/Beverages/Ice-Mountain-Water/Ice-Mountain-Water_100.jpg,Beverages,Ice-Mountain-Water
sg_dataset/images/Beverages/Ice-Mountain-Water/Ice-Mountain-Water_103.jpg,Beverages,Ice-Mountain-Water
sg_dataset/images/Beverages/Ice-Mountain-Water/Ice-Mountain-Water_106.jpg,Beverages,Ice-Mountain-Water
sg_dataset/images/Beverages/Ice-Mountain-Water/Ice-Mountain-Water_108.jpg,Beverages,Ice-Mountain-Water
sg_dataset/images/Beverages/Ice-Mountain-Water/Ice-Mountain-Water_110.jpg,Beverages,Ice-Mountain-Water
sg_dataset/images/Sauces/KCT-Chilli-Sauce/KCT-Chilli-Sauce_001.jpg,Sauces,KCT-Chilli-Sauce
sg_dataset/images/Sauces/KCT-Chilli-Sauce/KCT-Chilli-Sauce_003.jpg,Sauces,KCT-Chilli-Sauce
sg_dataset/images/Sauces/KCT-Chilli-Sauce/KCT-Chilli-Sauce_005.jpg,Sauces,KCT-Chilli-Sauce
sg_dataset/images/Sauces/KCT-Chilli-Sauce/KCT-Chilli-Sauce_007.jpg,Sauces,KCT-Chilli-Sauce
sg_dataset/images/Sauces/KCT-Chilli-Sauce/KCT-Chilli-Sauce_009.jpg,Sauces,KCT-Chilli-Sauce
sg_dataset/images/Sauces/KCT-Chilli-Sauce/KCT-Chilli-Sauce_011.jpg,Sauces,KCT-Chilli-Sauce
sg_dataset/images/Sauces/KCT-Chilli-Sauce/KCT-Chilli-Sauce_013.jpg,Sauces,KCT-Chilli-Sauce
sg_dataset/images/Sauces/KCT-Chilli-Sauce/KCT-Chilli-Sauce_015.jpg,Sauces,KCT-Chilli-Sauce
sg_dataset/images/Sauces/KCT-Chilli-Sauce/KCT-Chilli-Sauce_017.jpg,Sauces,KCT-Chilli-Sauce
sg_dataset/images/Sauces/KCT-Chilli-Sauce/KCT-Chilli-Sauce_019.jpg,Sauces,KCT-Chilli-Sauce
sg_dataset/images/Sauces/KCT-Chilli-Sauce/KCT-Chilli-Sauce_021.jpg,Sauces,KCT-Chilli-Sauce
sg_dataset/images/Sauces/KCT-Chilli-Sauce/KCT-Chilli-Sauce_023.jpg,Sauces,KCT-Chilli-Sauce
sg_dataset/images/Sauces/KCT-Chilli-Sauce/KCT-Chilli-Sauce_025.jpg,Sauces,KCT-Chilli-Sauce
sg_dataset/images/Sauces/KCT-Chilli-Sauce/KCT-Chilli-Sauce_027.jpg,Sauces,KCT-Chilli-Sauce
sg_dataset/images/Sauces/KCT-Chilli-Sauce/KCT-Chilli-Sauce_029.jpg,Sauces,KCT-Chilli-Sauce
sg_dataset/images/Sauces/KCT-Chilli-Sauce/KCT-Chilli-Sauce_031.jpg,Sauces,KCT-Chilli-Sauce
sg_dataset/images/Sauces/KCT-Chilli-Sauce/KCT-Chilli-Sauce_033.jpg,Sauces,KCT-Chilli-Sauce
sg_dataset/images/Sauces/KCT-Chilli-Sauce/KCT-Chilli-Sauce_035.jpg,Sauces,KCT-Chilli-Sauce
sg_dataset/images/Sauces/KCT-Chilli-Sauce/KCT-Chilli-Sauce_037.jpg,Sauces,KCT-Chilli-Sauce
sg_dataset/images/Sauces/KCT-Chilli-Sauce/KCT-Chilli-Sauce_039.jpg,Sauces,KCT-Chilli-Sauce
sg_dataset/images/Sauces/KCT-Chilli-Sauce/KCT-Chilli-Sauce_041.jpg,Sauces,KCT-Chilli-Sauce
sg_dataset/images/Sauces/KCT-Chilli-Sauce/KCT-Chilli-Sauce_043.jpg,Sauces,KCT-Chilli-Sauce
sg_dataset/images/Sauces/KCT-Chilli-Sauce/KCT-Chilli-Sauce_045.jpg,Sauces,KCT-Chilli-Sauce
sg_dataset/images/Sauces/KCT-Chilli-Sauce/KCT-Chilli-Sauce_047.jpg,Sauces,KCT-Chilli-Sauce
sg_dataset/images/Sauces/KCT-Chilli-Sauce/KCT-Chilli-Sauce_049.jpg,Sauces,KCT-Chilli-Sauce
sg_dataset/images/Sauces/KCT-Chilli-Sauce/KCT-Chilli-Sauce_051.jpg,Sauces,KCT-Chilli-Sauce
sg_dataset/images/Sauces/KCT-Chilli-Sauce/KCT-Chilli-Sauce_053.jpg,Sauces,KCT-Chilli-Sauce
sg_dataset/images/Sauces/KCT-Chilli-Sauce/KCT-Chilli-Sauce_055.jpg,Sauces,KCT-Chilli-Sauce
sg_dataset/images/Sauces/KCT-Chilli-Sauce/KCT-Chilli-Sauce_057.jpg,Sauces,KCT-Chilli-Sauce
sg_dataset/images/Sauces/KCT-Chilli-Sauce/KCT-Chilli-Sauce_060.jpg,Sauces,KCT-Chilli-Sauce
sg_dataset/images/Sauces/KCT-Chilli-Sauce/KCT-Chilli-Sauce_062.jpg,Sauces,KCT-Chilli-Sauce
sg_dataset/images/Sauces/KCT-Chilli-Sauce/KCT-Chilli-Sauce_064.jpg,Sauces,KCT-Chilli-Sauce
sg_dataset/images/Sauces/KCT-Chilli-Sauce/KCT-Chilli-Sauce_067.jpg,Sauces,KCT-Chilli-Sauce
sg_dataset/images/Sauces/KCT-Chilli-Sauce/KCT-Chilli-Sauce_069.jpg,Sauces,KCT-Chilli-Sauce
sg_dataset/images/Sauces/KCT-Chilli-Sauce/KCT-Chilli-Sauce_071.jpg,Sauces,KCT-Chilli-Sauce
sg_dataset/images/Sauces/KCT-Chilli-Sauce/KCT-Chilli-Sauce_073.jpg,Sauces,KCT-Chilli-Sauce
sg_dataset/images/Sauces/KCT-Chilli-Sauce/KCT-Chilli-Sauce_075.jpg,Sauces,KCT-Chilli-Sauce
sg_dataset/images/Sauces/KCT-Chilli-Sauce/KCT-Chilli-Sauce_077.jpg,Sauces,KCT-Chilli-Sauce
sg_dataset/images/Sauces/KCT-Chilli-Sauce/KCT-Chilli-Sauce_080.jpg,Sauces,KCT-Chilli-Sauce
sg_dataset/images/Sauces/KCT-Chilli-Sauce/KCT-Chilli-Sauce_082.jpg,Sauces,KCT-Chilli-Sauce
sg_dataset/images/Vegetables/Kailan/Kailan_001.jpg,Vegetables,Kailan
sg_dataset/images/Vegetables/Kailan/Kailan_003.jpg,Vegetables,Kailan
sg_dataset/images/Vegetables/Kailan/Kailan_005.jpg,Vegetables,Kailan
sg_dataset/images/Vegetables/Kailan/Kailan_007.jpg,Vegetables,Kailan
sg_dataset/images/Vegetables/Kailan/Kailan_009.jpg,Vegetables,Kailan
sg_dataset/images/Vegetables/Kailan/Kailan_011.jpg,Vegetables,Kailan
sg_dataset/images/Vegetables/Kailan/Kailan_013.jpg,Vegetables,Kailan
sg_dataset/images/Vegetables/Kailan/Kailan_015.jpg,Vegetables,Kailan
sg_dataset/images/Vegetables/Kailan/Kailan_017.jpg,Vegetables,Kailan
sg_dataset/images/Vegetables/Kailan/Kailan_019.jpg,Vegetables,Kailan
sg_dataset/images/Vegetables/Kailan/Kailan_021.jpg,Vegetables,Kailan
sg_dataset/images/Vegetables/Kailan/Kailan_023.jpg,Vegetables,Kailan
sg_dataset/images/Vegetables/Kailan/Kailan_025.jpg,Vegetables,Kailan
sg_dataset/images/Vegetables/Kailan/Kailan_027.jpg,Vegetables,Kailan
sg_dataset/images/Vegetables/Kailan/Kailan_029.jpg,Vegetables,Kailan
sg_dataset/images/Vegetables/Kailan/Kailan_031_aug_flip.jpg,Vegetables,Kailan
sg_dataset/images/Vegetables/Kailan/Kailan_032_aug_rot8.jpg,Vegetables,Kailan
sg_dataset/images/Vegetables/Kailan/Kailan_033_aug_rot-8.jpg,Vegetables,Kailan
sg_dataset/images/Vegetables/Kailan/Kailan_034_aug_bright.jpg,Vegetables,Kailan
sg_dataset/images/Vegetables/Kailan/Kailan_035_aug_dark.jpg,Vegetables,Kailan
sg_dataset/images/Vegetables/Kailan/Kailan_036_aug_contrast.jpg,Vegetables,Kailan
sg_dataset/images/Vegetables/Kailan/Kailan_037_aug_sat.jpg,Vegetables,Kailan
sg_dataset/images/Vegetables/Kailan/Kailan_038_aug_crop.jpg,Vegetables,Kailan
sg_dataset/images/Vegetables/Kailan/Kailan_039_aug_flip.jpg,Vegetables,Kailan
sg_dataset/images/Vegetables/Kailan/Kailan_040_aug_rot8.jpg,Vegetables,Kailan
sg_dataset/images/Vegetables/Kailan/Kailan_041_aug_rot-8.jpg,Vegetables,Kailan
sg_dataset/images/Vegetables/Kailan/Kailan_042_aug_bright.jpg,Vegetables,Kailan
sg_dataset/images/Vegetables/Kailan/Kailan_043_aug_dark.jpg,Vegetables,Kailan
sg_dataset/images/Vegetables/Kailan/Kailan_044_aug_contrast.jpg,Vegetables,Kailan
sg_dataset/images/Vegetables/Kailan/Kailan_045_aug_sat.jpg,Vegetables,Kailan
sg_dataset/images/Vegetables/Kailan/Kailan_046_aug_crop.jpg,Vegetables,Kailan
sg_dataset/images/Vegetables/Kailan/Kailan_047_aug_flip.jpg,Vegetables,Kailan
sg_dataset/images/Vegetables/Kailan/Kailan_048_aug_rot8.jpg,Vegetables,Kailan
sg_dataset/images/Vegetables/Kailan/Kailan_049_aug_rot-8.jpg,Vegetables,Kailan
sg_dataset/images/Vegetables/Kailan/Kailan_050_aug_bright.jpg,Vegetables,Kailan
sg_dataset/images/Vegetables/Kailan/Kailan_051_aug_dark.jpg,Vegetables,Kailan
sg_dataset/images/Vegetables/Kailan/Kailan_052_aug_contrast.jpg,Vegetables,Kailan
sg_dataset/images/Vegetables/Kailan/Kailan_053_aug_sat.jpg,Vegetables,Kailan
sg_dataset/images/Vegetables/Kailan/Kailan_054_aug_crop.jpg,Vegetables,Kailan
sg_dataset/images/Vegetables/Kailan/Kailan_055_aug_flip.jpg,Vegetables,Kailan
sg_dataset/images/Spreads/Kaya-Spread/Kaya-Spread_001.jpg,Spreads,Kaya-Spread
sg_dataset/images/Spreads/Kaya-Spread/Kaya-Spread_003.jpg,Spreads,Kaya-Spread
sg_dataset/images/Spreads/Kaya-Spread/Kaya-Spread_005.jpg,Spreads,Kaya-Spread
sg_dataset/images/Spreads/Kaya-Spread/Kaya-Spread_007.jpg,Spreads,Kaya-Spread
sg_dataset/images/Spreads/Kaya-Spread/Kaya-Spread_009.jpg,Spreads,Kaya-Spread
sg_dataset/images/Spreads/Kaya-Spread/Kaya-Spread_011.jpg,Spreads,Kaya-Spread
sg_dataset/images/Spreads/Kaya-Spread/Kaya-Spread_013.jpg,Spreads,Kaya-Spread
sg_dataset/images/Spreads/Kaya-Spread/Kaya-Spread_015.jpg,Spreads,Kaya-Spread
sg_dataset/images/Spreads/Kaya-Spread/Kaya-Spread_017.jpg,Spreads,Kaya-Spread
sg_dataset/images/Spreads/Kaya-Spread/Kaya-Spread_019.jpg,Spreads,Kaya-Spread
sg_dataset/images/Spreads/Kaya-Spread/Kaya-Spread_021.jpg,Spreads,Kaya-Spread
sg_dataset/images/Spreads/Kaya-Spread/Kaya-Spread_023.jpg,Spreads,Kaya-Spread
sg_dataset/images/Spreads/Kaya-Spread/Kaya-Spread_025.jpg,Spreads,Kaya-Spread
sg_dataset/images/Spreads/Kaya-Spread/Kaya-Spread_027.jpg,Spreads,Kaya-Spread
sg_dataset/images/Spreads/Kaya-Spread/Kaya-Spread_029.jpg,Spreads,Kaya-Spread
sg_dataset/images/Spreads/Kaya-Spread/Kaya-Spread_031.jpg,Spreads,Kaya-Spread
sg_dataset/images/Spreads/Kaya-Spread/Kaya-Spread_033.jpg,Spreads,Kaya-Spread
sg_dataset/images/Spreads/Kaya-Spread/Kaya-Spread_035.jpg,Spreads,Kaya-Spread
sg_dataset/images/Spreads/Kaya-Spread/Kaya-Spread_037.jpg,Spreads,Kaya-Spread
sg_dataset/images/Spreads/Kaya-Spread/Kaya-Spread_039.jpg,Spreads,Kaya-Spread
sg_dataset/images/Spreads/Kaya-Spread/Kaya-Spread_041.jpg,Spreads,Kaya-Spread
sg_dataset/images/Spreads/Kaya-Spread/Kaya-Spread_043.jpg,Spreads,Kaya-Spread
sg_dataset/images/Spreads/Kaya-Spread/Kaya-Spread_045.jpg,Spreads,Kaya-Spread
sg_dataset/images/Spreads/Kaya-Spread/Kaya-Spread_047.jpg,Spreads,Kaya-Spread
sg_dataset/images/Spreads/Kaya-Spread/Kaya-Spread_049.jpg,Spreads,Kaya-Spread
sg_dataset/images/Spreads/Kaya-Spread/Kaya-Spread_051.jpg,Spreads,Kaya-Spread
sg_dataset/images/Spreads/Kaya-Spread/Kaya-Spread_053.jpg,Spreads,Kaya-Spread
sg_dataset/images/Spreads/Kaya-Spread/Kaya-Spread_055.jpg,Spreads,Kaya-Spread
sg_dataset/images/Spreads/Kaya-Spread/Kaya-Spread_057.jpg,Spreads,Kaya-Spread
sg_dataset/images/Spreads/Kaya-Spread/Kaya-Spread_059.jpg,Spreads,Kaya-Spread
sg_dataset/images/Spreads/Kaya-Spread/Kaya-Spread_061.jpg,Spreads,Kaya-Spread
sg_dataset/images/Spreads/Kaya-Spread/Kaya-Spread_063.jpg,Spreads,Kaya-Spread
sg_dataset/images/Spreads/Kaya-Spread/Kaya-Spread_065.jpg,Spreads,Kaya-Spread
sg_dataset/images/Spreads/Kaya-Spread/Kaya-Spread_067.jpg,Spreads,Kaya-Spread
sg_dataset/images/Spreads/Kaya-Spread/Kaya-Spread_069.jpg,Spreads,Kaya-Spread
sg_dataset/images/Spreads/Kaya-Spread/Kaya-Spread_071.jpg,Spreads,Kaya-Spread
sg_dataset/images/Spreads/Kaya-Spread/Kaya-Spread_073.jpg,Spreads,Kaya-Spread
sg_dataset/images/Spreads/Kaya-Spread/Kaya-Spread_075.jpg,Spreads,Kaya-Spread
sg_dataset/images/Spreads/Kaya-Spread/Kaya-Spread_077.jpg,Spreads,Kaya-Spread
sg_dataset/images/Spreads/Kaya-Spread/Kaya-Spread_079.jpg,Spreads,Kaya-Spread
sg_dataset/images/Snacks/Khong-Guan-Biscuits/Khong-Guan-Biscuits_001.jpg,Snacks,Khong-Guan-Biscuits
sg_dataset/images/Snacks/Khong-Guan-Biscuits/Khong-Guan-Biscuits_003.jpg,Snacks,Khong-Guan-Biscuits
sg_dataset/images/Snacks/Khong-Guan-Biscuits/Khong-Guan-Biscuits_005.jpg,Snacks,Khong-Guan-Biscuits
sg_dataset/images/Snacks/Khong-Guan-Biscuits/Khong-Guan-Biscuits_007.jpg,Snacks,Khong-Guan-Biscuits
sg_dataset/images/Snacks/Khong-Guan-Biscuits/Khong-Guan-Biscuits_009.jpg,Snacks,Khong-Guan-Biscuits
sg_dataset/images/Snacks/Khong-Guan-Biscuits/Khong-Guan-Biscuits_011.jpg,Snacks,Khong-Guan-Biscuits
sg_dataset/images/Snacks/Khong-Guan-Biscuits/Khong-Guan-Biscuits_013.jpg,Snacks,Khong-Guan-Biscuits
sg_dataset/images/Snacks/Khong-Guan-Biscuits/Khong-Guan-Biscuits_015.jpg,Snacks,Khong-Guan-Biscuits
sg_dataset/images/Snacks/Khong-Guan-Biscuits/Khong-Guan-Biscuits_017.jpg,Snacks,Khong-Guan-Biscuits
sg_dataset/images/Snacks/Khong-Guan-Biscuits/Khong-Guan-Biscuits_019.jpg,Snacks,Khong-Guan-Biscuits
sg_dataset/images/Snacks/Khong-Guan-Biscuits/Khong-Guan-Biscuits_021.jpg,Snacks,Khong-Guan-Biscuits
sg_dataset/images/Snacks/Khong-Guan-Biscuits/Khong-Guan-Biscuits_023.jpg,Snacks,Khong-Guan-Biscuits
sg_dataset/images/Snacks/Khong-Guan-Biscuits/Khong-Guan-Biscuits_025.jpg,Snacks,Khong-Guan-Biscuits
sg_dataset/images/Snacks/Khong-Guan-Biscuits/Khong-Guan-Biscuits_027.jpg,Snacks,Khong-Guan-Biscuits
sg_dataset/images/Snacks/Khong-Guan-Biscuits/Khong-Guan-Biscuits_029.jpg,Snacks,Khong-Guan-Biscuits
sg_dataset/images/Snacks/Khong-Guan-Biscuits/Khong-Guan-Biscuits_031.jpg,Snacks,Khong-Guan-Biscuits
sg_dataset/images/Snacks/Khong-Guan-Biscuits/Khong-Guan-Biscuits_033.jpg,Snacks,Khong-Guan-Biscuits
sg_dataset/images/Snacks/Khong-Guan-Biscuits/Khong-Guan-Biscuits_035.jpg,Snacks,Khong-Guan-Biscuits
sg_dataset/images/Snacks/Khong-Guan-Biscuits/Khong-Guan-Biscuits_037.jpg,Snacks,Khong-Guan-Biscuits
sg_dataset/images/Snacks/Khong-Guan-Biscuits/Khong-Guan-Biscuits_039.jpg,Snacks,Khong-Guan-Biscuits
sg_dataset/images/Snacks/Khong-Guan-Biscuits/Khong-Guan-Biscuits_041.jpg,Snacks,Khong-Guan-Biscuits
sg_dataset/images/Snacks/Khong-Guan-Biscuits/Khong-Guan-Biscuits_043.jpg,Snacks,Khong-Guan-Biscuits
sg_dataset/images/Snacks/Khong-Guan-Biscuits/Khong-Guan-Biscuits_045.jpg,Snacks,Khong-Guan-Biscuits
sg_dataset/images/Snacks/Khong-Guan-Biscuits/Khong-Guan-Biscuits_047.jpg,Snacks,Khong-Guan-Biscuits
sg_dataset/images/Snacks/Khong-Guan-Biscuits/Khong-Guan-Biscuits_049.jpg,Snacks,Khong-Guan-Biscuits
sg_dataset/images/Snacks/Khong-Guan-Biscuits/Khong-Guan-Biscuits_051.jpg,Snacks,Khong-Guan-Biscuits
sg_dataset/images/Snacks/Khong-Guan-Biscuits/Khong-Guan-Biscuits_053.jpg,Snacks,Khong-Guan-Biscuits
sg_dataset/images/Snacks/Khong-Guan-Biscuits/Khong-Guan-Biscuits_055.jpg,Snacks,Khong-Guan-Biscuits
sg_dataset/images/Snacks/Khong-Guan-Biscuits/Khong-Guan-Biscuits_057.jpg,Snacks,Khong-Guan-Biscuits
sg_dataset/images/Snacks/Khong-Guan-Biscuits/Khong-Guan-Biscuits_059.jpg,Snacks,Khong-Guan-Biscuits
sg_dataset/images/Snacks/Khong-Guan-Biscuits/Khong-Guan-Biscuits_061.jpg,Snacks,Khong-Guan-Biscuits
sg_dataset/images/Snacks/Khong-Guan-Biscuits/Khong-Guan-Biscuits_063.jpg,Snacks,Khong-Guan-Biscuits
sg_dataset/images/Snacks/Khong-Guan-Biscuits/Khong-Guan-Biscuits_065.jpg,Snacks,Khong-Guan-Biscuits
sg_dataset/images/Snacks/Khong-Guan-Biscuits/Khong-Guan-Biscuits_067.jpg,Snacks,Khong-Guan-Biscuits
sg_dataset/images/Snacks/Khong-Guan-Biscuits/Khong-Guan-Biscuits_069.jpg,Snacks,Khong-Guan-Biscuits
sg_dataset/images/Snacks/Khong-Guan-Biscuits/Khong-Guan-Biscuits_071.jpg,Snacks,Khong-Guan-Biscuits
sg_dataset/images/Snacks/Khong-Guan-Biscuits/Khong-Guan-Biscuits_073.jpg,Snacks,Khong-Guan-Biscuits
sg_dataset/images/Snacks/Khong-Guan-Biscuits/Khong-Guan-Biscuits_075.jpg,Snacks,Khong-Guan-Biscuits
sg_dataset/images/Snacks/Khong-Guan-Biscuits/Khong-Guan-Biscuits_077.jpg,Snacks,Khong-Guan-Biscuits
sg_dataset/images/Snacks/Khong-Guan-Biscuits/Khong-Guan-Biscuits_079.jpg,Snacks,Khong-Guan-Biscuits
sg_dataset/images/Noodles/Koka-Noodles/Koka-Noodles_001.jpg,Noodles,Koka-Noodles
sg_dataset/images/Noodles/Koka-Noodles/Koka-Noodles_003.jpg,Noodles,Koka-Noodles
sg_dataset/images/Noodles/Koka-Noodles/Koka-Noodles_005.jpg,Noodles,Koka-Noodles
sg_dataset/images/Noodles/Koka-Noodles/Koka-Noodles_007.jpg,Noodles,Koka-Noodles
sg_dataset/images/Noodles/Koka-Noodles/Koka-Noodles_009.jpg,Noodles,Koka-Noodles
sg_dataset/images/Noodles/Koka-Noodles/Koka-Noodles_011.jpg,Noodles,Koka-Noodles
sg_dataset/images/Noodles/Koka-Noodles/Koka-Noodles_013.jpg,Noodles,Koka-Noodles
sg_dataset/images/Noodles/Koka-Noodles/Koka-Noodles_015.jpg,Noodles,Koka-Noodles
sg_dataset/images/Noodles/Koka-Noodles/Koka-Noodles_017.jpg,Noodles,Koka-Noodles
sg_dataset/images/Noodles/Koka-Noodles/Koka-Noodles_019.jpg,Noodles,Koka-Noodles
sg_dataset/images/Noodles/Koka-Noodles/Koka-Noodles_021.jpg,Noodles,Koka-Noodles
sg_dataset/images/Noodles/Koka-Noodles/Koka-Noodles_023.jpg,Noodles,Koka-Noodles
sg_dataset/images/Noodles/Koka-Noodles/Koka-Noodles_025.jpg,Noodles,Koka-Noodles
sg_dataset/images/Noodles/Koka-Noodles/Koka-Noodles_027.jpg,Noodles,Koka-Noodles
sg_dataset/images/Noodles/Koka-Noodles/Koka-Noodles_029.jpg,Noodles,Koka-Noodles
sg_dataset/images/Noodles/Koka-Noodles/Koka-Noodles_031.jpg,Noodles,Koka-Noodles
sg_dataset/images/Noodles/Koka-Noodles/Koka-Noodles_033.jpg,Noodles,Koka-Noodles
sg_dataset/images/Noodles/Koka-Noodles/Koka-Noodles_035.jpg,Noodles,Koka-Noodles
sg_dataset/images/Noodles/Koka-Noodles/Koka-Noodles_037.jpg,Noodles,Koka-Noodles
sg_dataset/images/Noodles/Koka-Noodles/Koka-Noodles_039.jpg,Noodles,Koka-Noodles
sg_dataset/images/Noodles/Koka-Noodles/Koka-Noodles_041.jpg,Noodles,Koka-Noodles
sg_dataset/images/Noodles/Koka-Noodles/Koka-Noodles_043.jpg,Noodles,Koka-Noodles
sg_dataset/images/Noodles/Koka-Noodles/Koka-Noodles_045.jpg,Noodles,Koka-Noodles
sg_dataset/images/Noodles/Koka-Noodles/Koka-Noodles_047.jpg,Noodles,Koka-Noodles
sg_dataset/images/Noodles/Koka-Noodles/Koka-Noodles_049.jpg,Noodles,Koka-Noodles
sg_dataset/images/Noodles/Koka-Noodles/Koka-Noodles_051.jpg,Noodles,Koka-Noodles
sg_dataset/images/Noodles/Koka-Noodles/Koka-Noodles_053.jpg,Noodles,Koka-Noodles
sg_dataset/images/Noodles/Koka-Noodles/Koka-Noodles_055.jpg,Noodles,Koka-Noodles
sg_dataset/images/Noodles/Koka-Noodles/Koka-Noodles_057.jpg,Noodles,Koka-Noodles
sg_dataset/images/Noodles/Koka-Noodles/Koka-Noodles_059.jpg,Noodles,Koka-Noodles
sg_dataset/images/Noodles/Koka-Noodles/Koka-Noodles_061.jpg,Noodles,Koka-Noodles
sg_dataset/images/Noodles/Koka-Noodles/Koka-Noodles_063.jpg,Noodles,Koka-Noodles
sg_dataset/images/Noodles/Koka-Noodles/Koka-Noodles_065.jpg,Noodles,Koka-Noodles
sg_dataset/images/Noodles/Koka-Noodles/Koka-Noodles_067.jpg,Noodles,Koka-Noodles
sg_dataset/images/Noodles/Koka-Noodles/Koka-Noodles_069.jpg,Noodles,Koka-Noodles
sg_dataset/images/Noodles/Koka-Noodles/Koka-Noodles_071.jpg,Noodles,Koka-Noodles
sg_dataset/images/Noodles/Koka-Noodles/Koka-Noodles_073.jpg,Noodles,Koka-Noodles
sg_dataset/images/Noodles/Koka-Noodles/Koka-Noodles_075.jpg,Noodles,Koka-Noodles
sg_dataset/images/Noodles/Koka-Noodles/Koka-Noodles_077.jpg,Noodles,Koka-Noodles
sg_dataset/images/Noodles/Koka-Noodles/Koka-Noodles_079.jpg,Noodles,Koka-Noodles
sg_dataset/images/Sauces/Lee-Kum-Kee-Oyster-Sauce/Lee-Kum-Kee-Oyster-Sauce_001.jpg,Sauces,Lee-Kum-Kee-Oyster-Sauce
sg_dataset/images/Sauces/Lee-Kum-Kee-Oyster-Sauce/Lee-Kum-Kee-Oyster-Sauce_003.jpg,Sauces,Lee-Kum-Kee-Oyster-Sauce
sg_dataset/images/Sauces/Lee-Kum-Kee-Oyster-Sauce/Lee-Kum-Kee-Oyster-Sauce_005.jpg,Sauces,Lee-Kum-Kee-Oyster-Sauce
sg_dataset/images/Sauces/Lee-Kum-Kee-Oyster-Sauce/Lee-Kum-Kee-Oyster-Sauce_007.jpg,Sauces,Lee-Kum-Kee-Oyster-Sauce
sg_dataset/images/Sauces/Lee-Kum-Kee-Oyster-Sauce/Lee-Kum-Kee-Oyster-Sauce_009.jpg,Sauces,Lee-Kum-Kee-Oyster-Sauce
sg_dataset/images/Sauces/Lee-Kum-Kee-Oyster-Sauce/Lee-Kum-Kee-Oyster-Sauce_011.jpg,Sauces,Lee-Kum-Kee-Oyster-Sauce
sg_dataset/images/Sauces/Lee-Kum-Kee-Oyster-Sauce/Lee-Kum-Kee-Oyster-Sauce_013.jpg,Sauces,Lee-Kum-Kee-Oyster-Sauce
sg_dataset/images/Sauces/Lee-Kum-Kee-Oyster-Sauce/Lee-Kum-Kee-Oyster-Sauce_015.jpg,Sauces,Lee-Kum-Kee-Oyster-Sauce
sg_dataset/images/Sauces/Lee-Kum-Kee-Oyster-Sauce/Lee-Kum-Kee-Oyster-Sauce_017.jpg,Sauces,Lee-Kum-Kee-Oyster-Sauce
sg_dataset/images/Sauces/Lee-Kum-Kee-Oyster-Sauce/Lee-Kum-Kee-Oyster-Sauce_019.jpg,Sauces,Lee-Kum-Kee-Oyster-Sauce
sg_dataset/images/Sauces/Lee-Kum-Kee-Oyster-Sauce/Lee-Kum-Kee-Oyster-Sauce_021.jpg,Sauces,Lee-Kum-Kee-Oyster-Sauce
sg_dataset/images/Sauces/Lee-Kum-Kee-Oyster-Sauce/Lee-Kum-Kee-Oyster-Sauce_023.jpg,Sauces,Lee-Kum-Kee-Oyster-Sauce
sg_dataset/images/Sauces/Lee-Kum-Kee-Oyster-Sauce/Lee-Kum-Kee-Oyster-Sauce_025.jpg,Sauces,Lee-Kum-Kee-Oyster-Sauce
sg_dataset/images/Sauces/Lee-Kum-Kee-Oyster-Sauce/Lee-Kum-Kee-Oyster-Sauce_027.jpg,Sauces,Lee-Kum-Kee-Oyster-Sauce
sg_dataset/images/Sauces/Lee-Kum-Kee-Oyster-Sauce/Lee-Kum-Kee-Oyster-Sauce_029.jpg,Sauces,Lee-Kum-Kee-Oyster-Sauce
sg_dataset/images/Sauces/Lee-Kum-Kee-Oyster-Sauce/Lee-Kum-Kee-Oyster-Sauce_031.jpg,Sauces,Lee-Kum-Kee-Oyster-Sauce
sg_dataset/images/Sauces/Lee-Kum-Kee-Oyster-Sauce/Lee-Kum-Kee-Oyster-Sauce_033.jpg,Sauces,Lee-Kum-Kee-Oyster-Sauce
sg_dataset/images/Sauces/Lee-Kum-Kee-Oyster-Sauce/Lee-Kum-Kee-Oyster-Sauce_035.jpg,Sauces,Lee-Kum-Kee-Oyster-Sauce
sg_dataset/images/Sauces/Lee-Kum-Kee-Oyster-Sauce/Lee-Kum-Kee-Oyster-Sauce_037.jpg,Sauces,Lee-Kum-Kee-Oyster-Sauce
sg_dataset/images/Sauces/Lee-Kum-Kee-Oyster-Sauce/Lee-Kum-Kee-Oyster-Sauce_039.jpg,Sauces,Lee-Kum-Kee-Oyster-Sauce
sg_dataset/images/Sauces/Lee-Kum-Kee-Oyster-Sauce/Lee-Kum-Kee-Oyster-Sauce_041.jpg,Sauces,Lee-Kum-Kee-Oyster-Sauce
sg_dataset/images/Sauces/Lee-Kum-Kee-Oyster-Sauce/Lee-Kum-Kee-Oyster-Sauce_043.jpg,Sauces,Lee-Kum-Kee-Oyster-Sauce
sg_dataset/images/Sauces/Lee-Kum-Kee-Oyster-Sauce/Lee-Kum-Kee-Oyster-Sauce_045.jpg,Sauces,Lee-Kum-Kee-Oyster-Sauce
sg_dataset/images/Sauces/Lee-Kum-Kee-Oyster-Sauce/Lee-Kum-Kee-Oyster-Sauce_047.jpg,Sauces,Lee-Kum-Kee-Oyster-Sauce
sg_dataset/images/Sauces/Lee-Kum-Kee-Oyster-Sauce/Lee-Kum-Kee-Oyster-Sauce_049.jpg,Sauces,Lee-Kum-Kee-Oyster-Sauce
sg_dataset/images/Sauces/Lee-Kum-Kee-Oyster-Sauce/Lee-Kum-Kee-Oyster-Sauce_051.jpg,Sauces,Lee-Kum-Kee-Oyster-Sauce
sg_dataset/images/Sauces/Lee-Kum-Kee-Oyster-Sauce/Lee-Kum-Kee-Oyster-Sauce_053.jpg,Sauces,Lee-Kum-Kee-Oyster-Sauce
sg_dataset/images/Sauces/Lee-Kum-Kee-Oyster-Sauce/Lee-Kum-Kee-Oyster-Sauce_055.jpg,Sauces,Lee-Kum-Kee-Oyster-Sauce
sg_dataset/images/Sauces/Lee-Kum-Kee-Oyster-Sauce/Lee-Kum-Kee-Oyster-Sauce_057.jpg,Sauces,Lee-Kum-Kee-Oyster-Sauce
sg_dataset/images/Sauces/Lee-Kum-Kee-Oyster-Sauce/Lee-Kum-Kee-Oyster-Sauce_059.jpg,Sauces,Lee-Kum-Kee-Oyster-Sauce
sg_dataset/images/Sauces/Lee-Kum-Kee-Oyster-Sauce/Lee-Kum-Kee-Oyster-Sauce_061.jpg,Sauces,Lee-Kum-Kee-Oyster-Sauce
sg_dataset/images/Sauces/Lee-Kum-Kee-Oyster-Sauce/Lee-Kum-Kee-Oyster-Sauce_063.jpg,Sauces,Lee-Kum-Kee-Oyster-Sauce
sg_dataset/images/Sauces/Lee-Kum-Kee-Oyster-Sauce/Lee-Kum-Kee-Oyster-Sauce_065.jpg,Sauces,Lee-Kum-Kee-Oyster-Sauce
sg_dataset/images/Sauces/Lee-Kum-Kee-Oyster-Sauce/Lee-Kum-Kee-Oyster-Sauce_067.jpg,Sauces,Lee-Kum-Kee-Oyster-Sauce
sg_dataset/images/Sauces/Lee-Kum-Kee-Oyster-Sauce/Lee-Kum-Kee-Oyster-Sauce_069.jpg,Sauces,Lee-Kum-Kee-Oyster-Sauce
sg_dataset/images/Sauces/Lee-Kum-Kee-Oyster-Sauce/Lee-Kum-Kee-Oyster-Sauce_071.jpg,Sauces,Lee-Kum-Kee-Oyster-Sauce
sg_dataset/images/Sauces/Lee-Kum-Kee-Oyster-Sauce/Lee-Kum-Kee-Oyster-Sauce_073.jpg,Sauces,Lee-Kum-Kee-Oyster-Sauce
sg_dataset/images/Sauces/Lee-Kum-Kee-Oyster-Sauce/Lee-Kum-Kee-Oyster-Sauce_075.jpg,Sauces,Lee-Kum-Kee-Oyster-Sauce
sg_dataset/images/Sauces/Lee-Kum-Kee-Oyster-Sauce/Lee-Kum-Kee-Oyster-Sauce_077.jpg,Sauces,Lee-Kum-Kee-Oyster-Sauce
sg_dataset/images/Sauces/Lee-Kum-Kee-Oyster-Sauce/Lee-Kum-Kee-Oyster-Sauce_079.jpg,Sauces,Lee-Kum-Kee-Oyster-Sauce
sg_dataset/images/Fruit/Local-Lime/Local-Lime_001.jpg,Fruit,Local-Lime
sg_dataset/images/Fruit/Local-Lime/Local-Lime_003.jpg,Fruit,Local-Lime
sg_dataset/images/Fruit/Local-Lime/Local-Lime_005.jpg,Fruit,Local-Lime
sg_dataset/images/Fruit/Local-Lime/Local-Lime_007.jpg,Fruit,Local-Lime
sg_dataset/images/Fruit/Local-Lime/Local-Lime_009.jpg,Fruit,Local-Lime
sg_dataset/images/Fruit/Local-Lime/Local-Lime_011.jpg,Fruit,Local-Lime
sg_dataset/images/Fruit/Local-Lime/Local-Lime_013_aug_flip.jpg,Fruit,Local-Lime
sg_dataset/images/Fruit/Local-Lime/Local-Lime_014_aug_rot8.jpg,Fruit,Local-Lime
sg_dataset/images/Fruit/Local-Lime/Local-Lime_015_aug_rot-8.jpg,Fruit,Local-Lime
sg_dataset/images/Fruit/Local-Lime/Local-Lime_016_aug_bright.jpg,Fruit,Local-Lime
sg_dataset/images/Fruit/Local-Lime/Local-Lime_017_aug_dark.jpg,Fruit,Local-Lime
sg_dataset/images/Fruit/Local-Lime/Local-Lime_018_aug_contrast.jpg,Fruit,Local-Lime
sg_dataset/images/Fruit/Local-Lime/Local-Lime_019_aug_sat.jpg,Fruit,Local-Lime
sg_dataset/images/Fruit/Local-Lime/Local-Lime_020_aug_crop.jpg,Fruit,Local-Lime
sg_dataset/images/Fruit/Local-Lime/Local-Lime_021_aug_flip.jpg,Fruit,Local-Lime
sg_dataset/images/Fruit/Local-Lime/Local-Lime_022_aug_rot8.jpg,Fruit,Local-Lime
sg_dataset/images/Fruit/Local-Lime/Local-Lime_023_aug_rot-8.jpg,Fruit,Local-Lime
sg_dataset/images/Fruit/Local-Lime/Local-Lime_024_aug_bright.jpg,Fruit,Local-Lime
sg_dataset/images/Fruit/Local-Lime/Local-Lime_025_aug_dark.jpg,Fruit,Local-Lime
sg_dataset/images/Fruit/Local-Lime/Local-Lime_026_aug_contrast.jpg,Fruit,Local-Lime
sg_dataset/images/Fruit/Local-Lime/Local-Lime_027_aug_sat.jpg,Fruit,Local-Lime
sg_dataset/images/Fruit/Local-Lime/Local-Lime_028_aug_crop.jpg,Fruit,Local-Lime
sg_dataset/images/Fruit/Local-Lime/Local-Lime_029_aug_flip.jpg,Fruit,Local-Lime
sg_dataset/images/Fruit/Local-Lime/Local-Lime_030_aug_rot8.jpg,Fruit,Local-Lime
sg_dataset/images/Fruit/Local-Lime/Local-Lime_031_aug_rot-8.jpg,Fruit,Local-Lime
sg_dataset/images/Fruit/Local-Lime/Local-Lime_032_aug_bright.jpg,Fruit,Local-Lime
sg_dataset/images/Fruit/Local-Lime/Local-Lime_033_aug_dark.jpg,Fruit,Local-Lime
sg_dataset/images/Fruit/Local-Lime/Local-Lime_034_aug_contrast.jpg,Fruit,Local-Lime
sg_dataset/images/Fruit/Local-Lime/Local-Lime_035_aug_sat.jpg,Fruit,Local-Lime
sg_dataset/images/Fruit/Local-Lime/Local-Lime_036_aug_crop.jpg,Fruit,Local-Lime
sg_dataset/images/Fruit/Local-Lime/Local-Lime_037_aug_flip.jpg,Fruit,Local-Lime
sg_dataset/images/Fruit/Local-Lime/Local-Lime_038_aug_rot8.jpg,Fruit,Local-Lime
sg_dataset/images/Fruit/Local-Lime/Local-Lime_039_aug_rot-8.jpg,Fruit,Local-Lime
sg_dataset/images/Fruit/Local-Lime/Local-Lime_040_aug_bright.jpg,Fruit,Local-Lime
sg_dataset/images/Fruit/Local-Lime/Local-Lime_041_aug_dark.jpg,Fruit,Local-Lime
sg_dataset/images/Fruit/Local-Lime/Local-Lime_042_aug_contrast.jpg,Fruit,Local-Lime
sg_dataset/images/Fruit/Local-Lime/Local-Lime_043_aug_sat.jpg,Fruit,Local-Lime
sg_dataset/images/Fruit/Local-Lime/Local-Lime_044_aug_crop.jpg,Fruit,Local-Lime
sg_dataset/images/Fruit/Local-Lime/Local-Lime_045_aug_flip.jpg,Fruit,Local-Lime
sg_dataset/images/Fruit/Local-Lime/Local-Lime_046_aug_rot8.jpg,Fruit,Local-Lime
sg_dataset/images/Fruit/Local-Mango/Local-Mango_001.jpg,Fruit,Local-Mango
sg_dataset/images/Fruit/Local-Mango/Local-Mango_003.jpg,Fruit,Local-Mango
sg_dataset/images/Fruit/Local-Mango/Local-Mango_005_aug_flip.jpg,Fruit,Local-Mango
sg_dataset/images/Fruit/Local-Mango/Local-Mango_006_aug_rot8.jpg,Fruit,Local-Mango
sg_dataset/images/Fruit/Local-Mango/Local-Mango_007_aug_rot-8.jpg,Fruit,Local-Mango
sg_dataset/images/Fruit/Local-Mango/Local-Mango_008_aug_bright.jpg,Fruit,Local-Mango
sg_dataset/images/Fruit/Local-Mango/Local-Mango_009_aug_dark.jpg,Fruit,Local-Mango
sg_dataset/images/Fruit/Local-Mango/Local-Mango_010_aug_contrast.jpg,Fruit,Local-Mango
sg_dataset/images/Fruit/Local-Mango/Local-Mango_011_aug_sat.jpg,Fruit,Local-Mango
sg_dataset/images/Fruit/Local-Mango/Local-Mango_012_aug_crop.jpg,Fruit,Local-Mango
sg_dataset/images/Fruit/Local-Mango/Local-Mango_013_aug_flip.jpg,Fruit,Local-Mango
sg_dataset/images/Fruit/Local-Mango/Local-Mango_014_aug_rot8.jpg,Fruit,Local-Mango
sg_dataset/images/Fruit/Local-Mango/Local-Mango_015_aug_rot-8.jpg,Fruit,Local-Mango
sg_dataset/images/Fruit/Local-Mango/Local-Mango_016_aug_bright.jpg,Fruit,Local-Mango
sg_dataset/images/Fruit/Local-Mango/Local-Mango_017_aug_dark.jpg,Fruit,Local-Mango
sg_dataset/images/Fruit/Local-Mango/Local-Mango_018_aug_contrast.jpg,Fruit,Local-Mango
sg_dataset/images/Fruit/Local-Mango/Local-Mango_019_aug_sat.jpg,Fruit,Local-Mango
sg_dataset/images/Fruit/Local-Mango/Local-Mango_020_aug_crop.jpg,Fruit,Local-Mango
sg_dataset/images/Fruit/Local-Mango/Local-Mango_021_aug_flip.jpg,Fruit,Local-Mango
sg_dataset/images/Fruit/Local-Mango/Local-Mango_022_aug_rot8.jpg,Fruit,Local-Mango
sg_dataset/images/Fruit/Local-Mango/Local-Mango_023_aug_rot-8.jpg,Fruit,Local-Mango
sg_dataset/images/Fruit/Local-Mango/Local-Mango_024_aug_bright.jpg,Fruit,Local-Mango
sg_dataset/images/Fruit/Local-Mango/Local-Mango_025_aug_dark.jpg,Fruit,Local-Mango
sg_dataset/images/Fruit/Local-Mango/Local-Mango_026_aug_contrast.jpg,Fruit,Local-Mango
sg_dataset/images/Fruit/Local-Mango/Local-Mango_027_aug_sat.jpg,Fruit,Local-Mango
sg_dataset/images/Fruit/Local-Mango/Local-Mango_028_aug_crop.jpg,Fruit,Local-Mango
sg_dataset/images/Fruit/Local-Mango/Local-Mango_029_aug_flip.jpg,Fruit,Local-Mango
sg_dataset/images/Fruit/Local-Mango/Local-Mango_030_aug_rot8.jpg,Fruit,Local-Mango
sg_dataset/images/Fruit/Local-Mango/Local-Mango_031_aug_rot-8.jpg,Fruit,Local-Mango
sg_dataset/images/Fruit/Local-Mango/Local-Mango_032_aug_bright.jpg,Fruit,Local-Mango
sg_dataset/images/Fruit/Local-Mango/Local-Mango_033_aug_dark.jpg,Fruit,Local-Mango
sg_dataset/images/Fruit/Local-Mango/Local-Mango_034_aug_contrast.jpg,Fruit,Local-Mango
sg_dataset/images/Fruit/Local-Mango/Local-Mango_035_aug_sat.jpg,Fruit,Local-Mango
sg_dataset/images/Fruit/Local-Mango/Local-Mango_036_aug_crop.jpg,Fruit,Local-Mango
sg_dataset/images/Fruit/Local-Mango/Local-Mango_037_aug_flip.jpg,Fruit,Local-Mango
sg_dataset/images/Fruit/Local-Mango/Local-Mango_038_aug_rot8.jpg,Fruit,Local-Mango
sg_dataset/images/Fruit/Local-Mango/Local-Mango_039_aug_rot-8.jpg,Fruit,Local-Mango
sg_dataset/images/Fruit/Local-Mango/Local-Mango_040_aug_bright.jpg,Fruit,Local-Mango
sg_dataset/images/Fruit/Local-Mango/Local-Mango_041_aug_dark.jpg,Fruit,Local-Mango
sg_dataset/images/Fruit/Local-Mango/Local-Mango_042_aug_contrast.jpg,Fruit,Local-Mango
sg_dataset/images/Noodles/Maggi-Curry-Noodles/Maggi-Curry-Noodles_001.jpg,Noodles,Maggi-Curry-Noodles
sg_dataset/images/Noodles/Maggi-Curry-Noodles/Maggi-Curry-Noodles_003.jpg,Noodles,Maggi-Curry-Noodles
sg_dataset/images/Noodles/Maggi-Curry-Noodles/Maggi-Curry-Noodles_005.jpg,Noodles,Maggi-Curry-Noodles
sg_dataset/images/Noodles/Maggi-Curry-Noodles/Maggi-Curry-Noodles_007.jpg,Noodles,Maggi-Curry-Noodles
sg_dataset/images/Noodles/Maggi-Curry-Noodles/Maggi-Curry-Noodles_009.jpg,Noodles,Maggi-Curry-Noodles
sg_dataset/images/Noodles/Maggi-Curry-Noodles/Maggi-Curry-Noodles_011.jpg,Noodles,Maggi-Curry-Noodles
sg_dataset/images/Noodles/Maggi-Curry-Noodles/Maggi-Curry-Noodles_013.jpg,Noodles,Maggi-Curry-Noodles
sg_dataset/images/Noodles/Maggi-Curry-Noodles/Maggi-Curry-Noodles_015.jpg,Noodles,Maggi-Curry-Noodles
sg_dataset/images/Noodles/Maggi-Curry-Noodles/Maggi-Curry-Noodles_017.jpg,Noodles,Maggi-Curry-Noodles
sg_dataset/images/Noodles/Maggi-Curry-Noodles/Maggi-Curry-Noodles_019.jpg,Noodles,Maggi-Curry-Noodles
sg_dataset/images/Noodles/Maggi-Curry-Noodles/Maggi-Curry-Noodles_021.jpg,Noodles,Maggi-Curry-Noodles
sg_dataset/images/Noodles/Maggi-Curry-Noodles/Maggi-Curry-Noodles_023.jpg,Noodles,Maggi-Curry-Noodles
sg_dataset/images/Noodles/Maggi-Curry-Noodles/Maggi-Curry-Noodles_025.jpg,Noodles,Maggi-Curry-Noodles
sg_dataset/images/Noodles/Maggi-Curry-Noodles/Maggi-Curry-Noodles_027.jpg,Noodles,Maggi-Curry-Noodles
sg_dataset/images/Noodles/Maggi-Curry-Noodles/Maggi-Curry-Noodles_029.jpg,Noodles,Maggi-Curry-Noodles
sg_dataset/images/Noodles/Maggi-Curry-Noodles/Maggi-Curry-Noodles_031.jpg,Noodles,Maggi-Curry-Noodles
sg_dataset/images/Noodles/Maggi-Curry-Noodles/Maggi-Curry-Noodles_033.jpg,Noodles,Maggi-Curry-Noodles
sg_dataset/images/Noodles/Maggi-Curry-Noodles/Maggi-Curry-Noodles_035.jpg,Noodles,Maggi-Curry-Noodles
sg_dataset/images/Noodles/Maggi-Curry-Noodles/Maggi-Curry-Noodles_037.jpg,Noodles,Maggi-Curry-Noodles
sg_dataset/images/Noodles/Maggi-Curry-Noodles/Maggi-Curry-Noodles_039.jpg,Noodles,Maggi-Curry-Noodles
sg_dataset/images/Noodles/Maggi-Curry-Noodles/Maggi-Curry-Noodles_041.jpg,Noodles,Maggi-Curry-Noodles
sg_dataset/images/Noodles/Maggi-Curry-Noodles/Maggi-Curry-Noodles_043.jpg,Noodles,Maggi-Curry-Noodles
sg_dataset/images/Noodles/Maggi-Curry-Noodles/Maggi-Curry-Noodles_045.jpg,Noodles,Maggi-Curry-Noodles
sg_dataset/images/Noodles/Maggi-Curry-Noodles/Maggi-Curry-Noodles_047.jpg,Noodles,Maggi-Curry-Noodles
sg_dataset/images/Noodles/Maggi-Curry-Noodles/Maggi-Curry-Noodles_049.jpg,Noodles,Maggi-Curry-Noodles
sg_dataset/images/Noodles/Maggi-Curry-Noodles/Maggi-Curry-Noodles_052.jpg,Noodles,Maggi-Curry-Noodles
sg_dataset/images/Noodles/Maggi-Curry-Noodles/Maggi-Curry-Noodles_054.jpg,Noodles,Maggi-Curry-Noodles
sg_dataset/images/Noodles/Maggi-Curry-Noodles/Maggi-Curry-Noodles_056.jpg,Noodles,Maggi-Curry-Noodles
sg_dataset/images/Noodles/Maggi-Curry-Noodles/Maggi-Curry-Noodles_058.jpg,Noodles,Maggi-Curry-Noodles
sg_dataset/images/Noodles/Maggi-Curry-Noodles/Maggi-Curry-Noodles_060.jpg,Noodles,Maggi-Curry-Noodles
sg_dataset/images/Noodles/Maggi-Curry-Noodles/Maggi-Curry-Noodles_062.jpg,Noodles,Maggi-Curry-Noodles
sg_dataset/images/Noodles/Maggi-Curry-Noodles/Maggi-Curry-Noodles_064.jpg,Noodles,Maggi-Curry-Noodles
sg_dataset/images/Noodles/Maggi-Curry-Noodles/Maggi-Curry-Noodles_067.jpg,Noodles,Maggi-Curry-Noodles
sg_dataset/images/Noodles/Maggi-Curry-Noodles/Maggi-Curry-Noodles_069.jpg,Noodles,Maggi-Curry-Noodles
sg_dataset/images/Noodles/Maggi-Curry-Noodles/Maggi-Curry-Noodles_071.jpg,Noodles,Maggi-Curry-Noodles
sg_dataset/images/Noodles/Maggi-Curry-Noodles/Maggi-Curry-Noodles_073.jpg,Noodles,Maggi-Curry-Noodles
sg_dataset/images/Noodles/Maggi-Curry-Noodles/Maggi-Curry-Noodles_075.jpg,Noodles,Maggi-Curry-Noodles
sg_dataset/images/Noodles/Maggi-Curry-Noodles/Maggi-Curry-Noodles_077.jpg,Noodles,Maggi-Curry-Noodles
sg_dataset/images/Noodles/Maggi-Curry-Noodles/Maggi-Curry-Noodles_079.jpg,Noodles,Maggi-Curry-Noodles
sg_dataset/images/Noodles/Maggi-Curry-Noodles/Maggi-Curry-Noodles_081.jpg,Noodles,Maggi-Curry-Noodles
sg_dataset/images/Dairy/Marigold-HL-Milk/Marigold-HL-Milk_001.jpg,Dairy,Marigold-HL-Milk
sg_dataset/images/Dairy/Marigold-HL-Milk/Marigold-HL-Milk_003.jpg,Dairy,Marigold-HL-Milk
sg_dataset/images/Dairy/Marigold-HL-Milk/Marigold-HL-Milk_005.jpg,Dairy,Marigold-HL-Milk
sg_dataset/images/Dairy/Marigold-HL-Milk/Marigold-HL-Milk_007.jpg,Dairy,Marigold-HL-Milk
sg_dataset/images/Dairy/Marigold-HL-Milk/Marigold-HL-Milk_009.jpg,Dairy,Marigold-HL-Milk
sg_dataset/images/Dairy/Marigold-HL-Milk/Marigold-HL-Milk_011.jpg,Dairy,Marigold-HL-Milk
sg_dataset/images/Dairy/Marigold-HL-Milk/Marigold-HL-Milk_013.jpg,Dairy,Marigold-HL-Milk
sg_dataset/images/Dairy/Marigold-HL-Milk/Marigold-HL-Milk_015.jpg,Dairy,Marigold-HL-Milk
sg_dataset/images/Dairy/Marigold-HL-Milk/Marigold-HL-Milk_017.jpg,Dairy,Marigold-HL-Milk
sg_dataset/images/Dairy/Marigold-HL-Milk/Marigold-HL-Milk_019.jpg,Dairy,Marigold-HL-Milk
sg_dataset/images/Dairy/Marigold-HL-Milk/Marigold-HL-Milk_021.jpg,Dairy,Marigold-HL-Milk
sg_dataset/images/Dairy/Marigold-HL-Milk/Marigold-HL-Milk_023.jpg,Dairy,Marigold-HL-Milk
sg_dataset/images/Dairy/Marigold-HL-Milk/Marigold-HL-Milk_025.jpg,Dairy,Marigold-HL-Milk
sg_dataset/images/Dairy/Marigold-HL-Milk/Marigold-HL-Milk_027.jpg,Dairy,Marigold-HL-Milk
sg_dataset/images/Dairy/Marigold-HL-Milk/Marigold-HL-Milk_029.jpg,Dairy,Marigold-HL-Milk
sg_dataset/images/Dairy/Marigold-HL-Milk/Marigold-HL-Milk_031.jpg,Dairy,Marigold-HL-Milk
sg_dataset/images/Dairy/Marigold-HL-Milk/Marigold-HL-Milk_033.jpg,Dairy,Marigold-HL-Milk
sg_dataset/images/Dairy/Marigold-HL-Milk/Marigold-HL-Milk_035.jpg,Dairy,Marigold-HL-Milk
sg_dataset/images/Dairy/Marigold-HL-Milk/Marigold-HL-Milk_037.jpg,Dairy,Marigold-HL-Milk
sg_dataset/images/Dairy/Marigold-HL-Milk/Marigold-HL-Milk_039.jpg,Dairy,Marigold-HL-Milk
sg_dataset/images/Dairy/Marigold-HL-Milk/Marigold-HL-Milk_041.jpg,Dairy,Marigold-HL-Milk
sg_dataset/images/Dairy/Marigold-HL-Milk/Marigold-HL-Milk_043.jpg,Dairy,Marigold-HL-Milk
sg_dataset/images/Dairy/Marigold-HL-Milk/Marigold-HL-Milk_045.jpg,Dairy,Marigold-HL-Milk
sg_dataset/images/Dairy/Marigold-HL-Milk/Marigold-HL-Milk_047.jpg,Dairy,Marigold-HL-Milk
sg_dataset/images/Dairy/Marigold-HL-Milk/Marigold-HL-Milk_049.jpg,Dairy,Marigold-HL-Milk
sg_dataset/images/Dairy/Marigold-HL-Milk/Marigold-HL-Milk_051.jpg,Dairy,Marigold-HL-Milk
sg_dataset/images/Dairy/Marigold-HL-Milk/Marigold-HL-Milk_053.jpg,Dairy,Marigold-HL-Milk
sg_dataset/images/Dairy/Marigold-HL-Milk/Marigold-HL-Milk_055.jpg,Dairy,Marigold-HL-Milk
sg_dataset/images/Dairy/Marigold-HL-Milk/Marigold-HL-Milk_058.jpg,Dairy,Marigold-HL-Milk
sg_dataset/images/Dairy/Marigold-HL-Milk/Marigold-HL-Milk_060.jpg,Dairy,Marigold-HL-Milk
sg_dataset/images/Dairy/Marigold-HL-Milk/Marigold-HL-Milk_062.jpg,Dairy,Marigold-HL-Milk
sg_dataset/images/Dairy/Marigold-HL-Milk/Marigold-HL-Milk_064.jpg,Dairy,Marigold-HL-Milk
sg_dataset/images/Dairy/Marigold-HL-Milk/Marigold-HL-Milk_066.jpg,Dairy,Marigold-HL-Milk
sg_dataset/images/Dairy/Marigold-HL-Milk/Marigold-HL-Milk_068.jpg,Dairy,Marigold-HL-Milk
sg_dataset/images/Dairy/Marigold-HL-Milk/Marigold-HL-Milk_070.jpg,Dairy,Marigold-HL-Milk
sg_dataset/images/Dairy/Marigold-HL-Milk/Marigold-HL-Milk_072.jpg,Dairy,Marigold-HL-Milk
sg_dataset/images/Dairy/Marigold-HL-Milk/Marigold-HL-Milk_074.jpg,Dairy,Marigold-HL-Milk
sg_dataset/images/Dairy/Marigold-HL-Milk/Marigold-HL-Milk_076.jpg,Dairy,Marigold-HL-Milk
sg_dataset/images/Dairy/Marigold-HL-Milk/Marigold-HL-Milk_078.jpg,Dairy,Marigold-HL-Milk
sg_dataset/images/Dairy/Marigold-HL-Milk/Marigold-HL-Milk_080.jpg,Dairy,Marigold-HL-Milk
sg_dataset/images/Dairy/Meiji-Fresh-Milk/Meiji-Fresh-Milk_001.jpg,Dairy,Meiji-Fresh-Milk
sg_dataset/images/Dairy/Meiji-Fresh-Milk/Meiji-Fresh-Milk_003.jpg,Dairy,Meiji-Fresh-Milk
sg_dataset/images/Dairy/Meiji-Fresh-Milk/Meiji-Fresh-Milk_005.jpg,Dairy,Meiji-Fresh-Milk
sg_dataset/images/Dairy/Meiji-Fresh-Milk/Meiji-Fresh-Milk_007.jpg,Dairy,Meiji-Fresh-Milk
sg_dataset/images/Dairy/Meiji-Fresh-Milk/Meiji-Fresh-Milk_009.jpg,Dairy,Meiji-Fresh-Milk
sg_dataset/images/Dairy/Meiji-Fresh-Milk/Meiji-Fresh-Milk_011.jpg,Dairy,Meiji-Fresh-Milk
sg_dataset/images/Dairy/Meiji-Fresh-Milk/Meiji-Fresh-Milk_013.jpg,Dairy,Meiji-Fresh-Milk
sg_dataset/images/Dairy/Meiji-Fresh-Milk/Meiji-Fresh-Milk_015.jpg,Dairy,Meiji-Fresh-Milk
sg_dataset/images/Dairy/Meiji-Fresh-Milk/Meiji-Fresh-Milk_017.jpg,Dairy,Meiji-Fresh-Milk
sg_dataset/images/Dairy/Meiji-Fresh-Milk/Meiji-Fresh-Milk_019.jpg,Dairy,Meiji-Fresh-Milk
sg_dataset/images/Dairy/Meiji-Fresh-Milk/Meiji-Fresh-Milk_021.jpg,Dairy,Meiji-Fresh-Milk
sg_dataset/images/Dairy/Meiji-Fresh-Milk/Meiji-Fresh-Milk_023.jpg,Dairy,Meiji-Fresh-Milk
sg_dataset/images/Dairy/Meiji-Fresh-Milk/Meiji-Fresh-Milk_026.jpg,Dairy,Meiji-Fresh-Milk
sg_dataset/images/Dairy/Meiji-Fresh-Milk/Meiji-Fresh-Milk_028.jpg,Dairy,Meiji-Fresh-Milk
sg_dataset/images/Dairy/Meiji-Fresh-Milk/Meiji-Fresh-Milk_030.jpg,Dairy,Meiji-Fresh-Milk
sg_dataset/images/Dairy/Meiji-Fresh-Milk/Meiji-Fresh-Milk_032.jpg,Dairy,Meiji-Fresh-Milk
sg_dataset/images/Dairy/Meiji-Fresh-Milk/Meiji-Fresh-Milk_034.jpg,Dairy,Meiji-Fresh-Milk
sg_dataset/images/Dairy/Meiji-Fresh-Milk/Meiji-Fresh-Milk_036.jpg,Dairy,Meiji-Fresh-Milk
sg_dataset/images/Dairy/Meiji-Fresh-Milk/Meiji-Fresh-Milk_038.jpg,Dairy,Meiji-Fresh-Milk
sg_dataset/images/Dairy/Meiji-Fresh-Milk/Meiji-Fresh-Milk_040.jpg,Dairy,Meiji-Fresh-Milk
sg_dataset/images/Dairy/Meiji-Fresh-Milk/Meiji-Fresh-Milk_042.jpg,Dairy,Meiji-Fresh-Milk
sg_dataset/images/Dairy/Meiji-Fresh-Milk/Meiji-Fresh-Milk_044.jpg,Dairy,Meiji-Fresh-Milk
sg_dataset/images/Dairy/Meiji-Fresh-Milk/Meiji-Fresh-Milk_046.jpg,Dairy,Meiji-Fresh-Milk
sg_dataset/images/Dairy/Meiji-Fresh-Milk/Meiji-Fresh-Milk_048.jpg,Dairy,Meiji-Fresh-Milk
sg_dataset/images/Dairy/Meiji-Fresh-Milk/Meiji-Fresh-Milk_052.jpg,Dairy,Meiji-Fresh-Milk
sg_dataset/images/Dairy/Meiji-Fresh-Milk/Meiji-Fresh-Milk_054.jpg,Dairy,Meiji-Fresh-Milk
sg_dataset/images/Dairy/Meiji-Fresh-Milk/Meiji-Fresh-Milk_056.jpg,Dairy,Meiji-Fresh-Milk
sg_dataset/images/Dairy/Meiji-Fresh-Milk/Meiji-Fresh-Milk_058.jpg,Dairy,Meiji-Fresh-Milk
sg_dataset/images/Dairy/Meiji-Fresh-Milk/Meiji-Fresh-Milk_060.jpg,Dairy,Meiji-Fresh-Milk
sg_dataset/images/Dairy/Meiji-Fresh-Milk/Meiji-Fresh-Milk_062.jpg,Dairy,Meiji-Fresh-Milk
sg_dataset/images/Dairy/Meiji-Fresh-Milk/Meiji-Fresh-Milk_064.jpg,Dairy,Meiji-Fresh-Milk
sg_dataset/images/Dairy/Meiji-Fresh-Milk/Meiji-Fresh-Milk_066.jpg,Dairy,Meiji-Fresh-Milk
sg_dataset/images/Dairy/Meiji-Fresh-Milk/Meiji-Fresh-Milk_069.jpg,Dairy,Meiji-Fresh-Milk
sg_dataset/images/Dairy/Meiji-Fresh-Milk/Meiji-Fresh-Milk_071.jpg,Dairy,Meiji-Fresh-Milk
sg_dataset/images/Dairy/Meiji-Fresh-Milk/Meiji-Fresh-Milk_073.jpg,Dairy,Meiji-Fresh-Milk
sg_dataset/images/Dairy/Meiji-Fresh-Milk/Meiji-Fresh-Milk_076.jpg,Dairy,Meiji-Fresh-Milk
sg_dataset/images/Dairy/Meiji-Fresh-Milk/Meiji-Fresh-Milk_078.jpg,Dairy,Meiji-Fresh-Milk
sg_dataset/images/Dairy/Meiji-Fresh-Milk/Meiji-Fresh-Milk_080.jpg,Dairy,Meiji-Fresh-Milk
sg_dataset/images/Dairy/Meiji-Fresh-Milk/Meiji-Fresh-Milk_082.jpg,Dairy,Meiji-Fresh-Milk
sg_dataset/images/Dairy/Meiji-Fresh-Milk/Meiji-Fresh-Milk_084.jpg,Dairy,Meiji-Fresh-Milk
sg_dataset/images/Beverages/Milo-Powder/Milo-Powder_001.jpg,Beverages,Milo-Powder
sg_dataset/images/Beverages/Milo-Powder/Milo-Powder_003.jpg,Beverages,Milo-Powder
sg_dataset/images/Beverages/Milo-Powder/Milo-Powder_005.jpg,Beverages,Milo-Powder
sg_dataset/images/Beverages/Milo-Powder/Milo-Powder_007.jpg,Beverages,Milo-Powder
sg_dataset/images/Beverages/Milo-Powder/Milo-Powder_009.jpg,Beverages,Milo-Powder
sg_dataset/images/Beverages/Milo-Powder/Milo-Powder_011.jpg,Beverages,Milo-Powder
sg_dataset/images/Beverages/Milo-Powder/Milo-Powder_013.jpg,Beverages,Milo-Powder
sg_dataset/images/Beverages/Milo-Powder/Milo-Powder_015.jpg,Beverages,Milo-Powder
sg_dataset/images/Beverages/Milo-Powder/Milo-Powder_017.jpg,Beverages,Milo-Powder
sg_dataset/images/Beverages/Milo-Powder/Milo-Powder_019.jpg,Beverages,Milo-Powder
sg_dataset/images/Beverages/Milo-Powder/Milo-Powder_021.jpg,Beverages,Milo-Powder
sg_dataset/images/Beverages/Milo-Powder/Milo-Powder_023.jpg,Beverages,Milo-Powder
sg_dataset/images/Beverages/Milo-Powder/Milo-Powder_025.jpg,Beverages,Milo-Powder
sg_dataset/images/Beverages/Milo-Powder/Milo-Powder_027.jpg,Beverages,Milo-Powder
sg_dataset/images/Beverages/Milo-Powder/Milo-Powder_029.jpg,Beverages,Milo-Powder
sg_dataset/images/Beverages/Milo-Powder/Milo-Powder_031.jpg,Beverages,Milo-Powder
sg_dataset/images/Beverages/Milo-Powder/Milo-Powder_033.jpg,Beverages,Milo-Powder
sg_dataset/images/Beverages/Milo-Powder/Milo-Powder_035.jpg,Beverages,Milo-Powder
sg_dataset/images/Beverages/Milo-Powder/Milo-Powder_037.jpg,Beverages,Milo-Powder
sg_dataset/images/Beverages/Milo-Powder/Milo-Powder_039.jpg,Beverages,Milo-Powder
sg_dataset/images/Beverages/Milo-Powder/Milo-Powder_041.jpg,Beverages,Milo-Powder
sg_dataset/images/Beverages/Milo-Powder/Milo-Powder_043.jpg,Beverages,Milo-Powder
sg_dataset/images/Beverages/Milo-Powder/Milo-Powder_045.jpg,Beverages,Milo-Powder
sg_dataset/images/Beverages/Milo-Powder/Milo-Powder_047.jpg,Beverages,Milo-Powder
sg_dataset/images/Beverages/Milo-Powder/Milo-Powder_049.jpg,Beverages,Milo-Powder
sg_dataset/images/Beverages/Milo-Powder/Milo-Powder_051.jpg,Beverages,Milo-Powder
sg_dataset/images/Beverages/Milo-Powder/Milo-Powder_053.jpg,Beverages,Milo-Powder
sg_dataset/images/Beverages/Milo-Powder/Milo-Powder_055.jpg,Beverages,Milo-Powder
sg_dataset/images/Beverages/Milo-Powder/Milo-Powder_057.jpg,Beverages,Milo-Powder
sg_dataset/images/Beverages/Milo-Powder/Milo-Powder_059.jpg,Beverages,Milo-Powder
sg_dataset/images/Beverages/Milo-Powder/Milo-Powder_061.jpg,Beverages,Milo-Powder
sg_dataset/images/Beverages/Milo-Powder/Milo-Powder_063.jpg,Beverages,Milo-Powder
sg_dataset/images/Beverages/Milo-Powder/Milo-Powder_065.jpg,Beverages,Milo-Powder
sg_dataset/images/Beverages/Milo-Powder/Milo-Powder_067.jpg,Beverages,Milo-Powder
sg_dataset/images/Beverages/Milo-Powder/Milo-Powder_069.jpg,Beverages,Milo-Powder
sg_dataset/images/Beverages/Milo-Powder/Milo-Powder_071.jpg,Beverages,Milo-Powder
sg_dataset/images/Beverages/Milo-Powder/Milo-Powder_073.jpg,Beverages,Milo-Powder
sg_dataset/images/Beverages/Milo-Powder/Milo-Powder_075.jpg,Beverages,Milo-Powder
sg_dataset/images/Beverages/Milo-Powder/Milo-Powder_077.jpg,Beverages,Milo-Powder
sg_dataset/images/Beverages/Milo-Powder/Milo-Powder_079.jpg,Beverages,Milo-Powder
sg_dataset/images/Dairy/Pasar-Fresh-Eggs/Pasar-Fresh-Eggs_001.jpg,Dairy,Pasar-Fresh-Eggs
sg_dataset/images/Dairy/Pasar-Fresh-Eggs/Pasar-Fresh-Eggs_003.jpg,Dairy,Pasar-Fresh-Eggs
sg_dataset/images/Dairy/Pasar-Fresh-Eggs/Pasar-Fresh-Eggs_005.jpg,Dairy,Pasar-Fresh-Eggs
sg_dataset/images/Dairy/Pasar-Fresh-Eggs/Pasar-Fresh-Eggs_007.jpg,Dairy,Pasar-Fresh-Eggs
sg_dataset/images/Dairy/Pasar-Fresh-Eggs/Pasar-Fresh-Eggs_009.jpg,Dairy,Pasar-Fresh-Eggs
sg_dataset/images/Dairy/Pasar-Fresh-Eggs/Pasar-Fresh-Eggs_011.jpg,Dairy,Pasar-Fresh-Eggs
sg_dataset/images/Dairy/Pasar-Fresh-Eggs/Pasar-Fresh-Eggs_013.jpg,Dairy,Pasar-Fresh-Eggs
sg_dataset/images/Dairy/Pasar-Fresh-Eggs/Pasar-Fresh-Eggs_015.jpg,Dairy,Pasar-Fresh-Eggs
sg_dataset/images/Dairy/Pasar-Fresh-Eggs/Pasar-Fresh-Eggs_017.jpg,Dairy,Pasar-Fresh-Eggs
sg_dataset/images/Dairy/Pasar-Fresh-Eggs/Pasar-Fresh-Eggs_019.jpg,Dairy,Pasar-Fresh-Eggs
sg_dataset/images/Dairy/Pasar-Fresh-Eggs/Pasar-Fresh-Eggs_021.jpg,Dairy,Pasar-Fresh-Eggs
sg_dataset/images/Dairy/Pasar-Fresh-Eggs/Pasar-Fresh-Eggs_023.jpg,Dairy,Pasar-Fresh-Eggs
sg_dataset/images/Dairy/Pasar-Fresh-Eggs/Pasar-Fresh-Eggs_025.jpg,Dairy,Pasar-Fresh-Eggs
sg_dataset/images/Dairy/Pasar-Fresh-Eggs/Pasar-Fresh-Eggs_027.jpg,Dairy,Pasar-Fresh-Eggs
sg_dataset/images/Dairy/Pasar-Fresh-Eggs/Pasar-Fresh-Eggs_029.jpg,Dairy,Pasar-Fresh-Eggs
sg_dataset/images/Dairy/Pasar-Fresh-Eggs/Pasar-Fresh-Eggs_031.jpg,Dairy,Pasar-Fresh-Eggs
sg_dataset/images/Dairy/Pasar-Fresh-Eggs/Pasar-Fresh-Eggs_033.jpg,Dairy,Pasar-Fresh-Eggs
sg_dataset/images/Dairy/Pasar-Fresh-Eggs/Pasar-Fresh-Eggs_035.jpg,Dairy,Pasar-Fresh-Eggs
sg_dataset/images/Dairy/Pasar-Fresh-Eggs/Pasar-Fresh-Eggs_037.jpg,Dairy,Pasar-Fresh-Eggs
sg_dataset/images/Dairy/Pasar-Fresh-Eggs/Pasar-Fresh-Eggs_039.jpg,Dairy,Pasar-Fresh-Eggs
sg_dataset/images/Dairy/Pasar-Fresh-Eggs/Pasar-Fresh-Eggs_041.jpg,Dairy,Pasar-Fresh-Eggs
sg_dataset/images/Dairy/Pasar-Fresh-Eggs/Pasar-Fresh-Eggs_043.jpg,Dairy,Pasar-Fresh-Eggs
sg_dataset/images/Dairy/Pasar-Fresh-Eggs/Pasar-Fresh-Eggs_045.jpg,Dairy,Pasar-Fresh-Eggs
sg_dataset/images/Dairy/Pasar-Fresh-Eggs/Pasar-Fresh-Eggs_047.jpg,Dairy,Pasar-Fresh-Eggs
sg_dataset/images/Dairy/Pasar-Fresh-Eggs/Pasar-Fresh-Eggs_049.jpg,Dairy,Pasar-Fresh-Eggs
sg_dataset/images/Dairy/Pasar-Fresh-Eggs/Pasar-Fresh-Eggs_051.jpg,Dairy,Pasar-Fresh-Eggs
sg_dataset/images/Dairy/Pasar-Fresh-Eggs/Pasar-Fresh-Eggs_053.jpg,Dairy,Pasar-Fresh-Eggs
sg_dataset/images/Dairy/Pasar-Fresh-Eggs/Pasar-Fresh-Eggs_055.jpg,Dairy,Pasar-Fresh-Eggs
sg_dataset/images/Dairy/Pasar-Fresh-Eggs/Pasar-Fresh-Eggs_057.jpg,Dairy,Pasar-Fresh-Eggs
sg_dataset/images/Dairy/Pasar-Fresh-Eggs/Pasar-Fresh-Eggs_059.jpg,Dairy,Pasar-Fresh-Eggs
sg_dataset/images/Dairy/Pasar-Fresh-Eggs/Pasar-Fresh-Eggs_061.jpg,Dairy,Pasar-Fresh-Eggs
sg_dataset/images/Dairy/Pasar-Fresh-Eggs/Pasar-Fresh-Eggs_063.jpg,Dairy,Pasar-Fresh-Eggs
sg_dataset/images/Dairy/Pasar-Fresh-Eggs/Pasar-Fresh-Eggs_065.jpg,Dairy,Pasar-Fresh-Eggs
sg_dataset/images/Dairy/Pasar-Fresh-Eggs/Pasar-Fresh-Eggs_067.jpg,Dairy,Pasar-Fresh-Eggs
sg_dataset/images/Dairy/Pasar-Fresh-Eggs/Pasar-Fresh-Eggs_069.jpg,Dairy,Pasar-Fresh-Eggs
sg_dataset/images/Dairy/Pasar-Fresh-Eggs/Pasar-Fresh-Eggs_071.jpg,Dairy,Pasar-Fresh-Eggs
sg_dataset/images/Dairy/Pasar-Fresh-Eggs/Pasar-Fresh-Eggs_073.jpg,Dairy,Pasar-Fresh-Eggs
sg_dataset/images/Dairy/Pasar-Fresh-Eggs/Pasar-Fresh-Eggs_075.jpg,Dairy,Pasar-Fresh-Eggs
sg_dataset/images/Dairy/Pasar-Fresh-Eggs/Pasar-Fresh-Eggs_077.jpg,Dairy,Pasar-Fresh-Eggs
sg_dataset/images/Dairy/Pasar-Fresh-Eggs/Pasar-Fresh-Eggs_079.jpg,Dairy,Pasar-Fresh-Eggs
sg_dataset/images/Beverages/Pokka-Green-Tea/Pokka-Green-Tea_001.jpg,Beverages,Pokka-Green-Tea
sg_dataset/images/Beverages/Pokka-Green-Tea/Pokka-Green-Tea_003.jpg,Beverages,Pokka-Green-Tea
sg_dataset/images/Beverages/Pokka-Green-Tea/Pokka-Green-Tea_005.jpg,Beverages,Pokka-Green-Tea
sg_dataset/images/Beverages/Pokka-Green-Tea/Pokka-Green-Tea_007.jpg,Beverages,Pokka-Green-Tea
sg_dataset/images/Beverages/Pokka-Green-Tea/Pokka-Green-Tea_009.jpg,Beverages,Pokka-Green-Tea
sg_dataset/images/Beverages/Pokka-Green-Tea/Pokka-Green-Tea_011.jpg,Beverages,Pokka-Green-Tea
sg_dataset/images/Beverages/Pokka-Green-Tea/Pokka-Green-Tea_013.jpg,Beverages,Pokka-Green-Tea
sg_dataset/images/Beverages/Pokka-Green-Tea/Pokka-Green-Tea_015.jpg,Beverages,Pokka-Green-Tea
sg_dataset/images/Beverages/Pokka-Green-Tea/Pokka-Green-Tea_017.jpg,Beverages,Pokka-Green-Tea
sg_dataset/images/Beverages/Pokka-Green-Tea/Pokka-Green-Tea_019.jpg,Beverages,Pokka-Green-Tea
sg_dataset/images/Beverages/Pokka-Green-Tea/Pokka-Green-Tea_021.jpg,Beverages,Pokka-Green-Tea
sg_dataset/images/Beverages/Pokka-Green-Tea/Pokka-Green-Tea_023.jpg,Beverages,Pokka-Green-Tea
sg_dataset/images/Beverages/Pokka-Green-Tea/Pokka-Green-Tea_025.jpg,Beverages,Pokka-Green-Tea
sg_dataset/images/Beverages/Pokka-Green-Tea/Pokka-Green-Tea_027.jpg,Beverages,Pokka-Green-Tea
sg_dataset/images/Beverages/Pokka-Green-Tea/Pokka-Green-Tea_029.jpg,Beverages,Pokka-Green-Tea
sg_dataset/images/Beverages/Pokka-Green-Tea/Pokka-Green-Tea_031.jpg,Beverages,Pokka-Green-Tea
sg_dataset/images/Beverages/Pokka-Green-Tea/Pokka-Green-Tea_033.jpg,Beverages,Pokka-Green-Tea
sg_dataset/images/Beverages/Pokka-Green-Tea/Pokka-Green-Tea_035.jpg,Beverages,Pokka-Green-Tea
sg_dataset/images/Beverages/Pokka-Green-Tea/Pokka-Green-Tea_037.jpg,Beverages,Pokka-Green-Tea
sg_dataset/images/Beverages/Pokka-Green-Tea/Pokka-Green-Tea_039.jpg,Beverages,Pokka-Green-Tea
sg_dataset/images/Beverages/Pokka-Green-Tea/Pokka-Green-Tea_041.jpg,Beverages,Pokka-Green-Tea
sg_dataset/images/Beverages/Pokka-Green-Tea/Pokka-Green-Tea_043.jpg,Beverages,Pokka-Green-Tea
sg_dataset/images/Beverages/Pokka-Green-Tea/Pokka-Green-Tea_045.jpg,Beverages,Pokka-Green-Tea
sg_dataset/images/Beverages/Pokka-Green-Tea/Pokka-Green-Tea_047.jpg,Beverages,Pokka-Green-Tea
sg_dataset/images/Beverages/Pokka-Green-Tea/Pokka-Green-Tea_049.jpg,Beverages,Pokka-Green-Tea
sg_dataset/images/Beverages/Pokka-Green-Tea/Pokka-Green-Tea_051.jpg,Beverages,Pokka-Green-Tea
sg_dataset/images/Beverages/Pokka-Green-Tea/Pokka-Green-Tea_053.jpg,Beverages,Pokka-Green-Tea
sg_dataset/images/Beverages/Pokka-Green-Tea/Pokka-Green-Tea_055.jpg,Beverages,Pokka-Green-Tea
sg_dataset/images/Beverages/Pokka-Green-Tea/Pokka-Green-Tea_057.jpg,Beverages,Pokka-Green-Tea
sg_dataset/images/Beverages/Pokka-Green-Tea/Pokka-Green-Tea_059.jpg,Beverages,Pokka-Green-Tea
sg_dataset/images/Beverages/Pokka-Green-Tea/Pokka-Green-Tea_061.jpg,Beverages,Pokka-Green-Tea
sg_dataset/images/Beverages/Pokka-Green-Tea/Pokka-Green-Tea_063.jpg,Beverages,Pokka-Green-Tea
sg_dataset/images/Beverages/Pokka-Green-Tea/Pokka-Green-Tea_065.jpg,Beverages,Pokka-Green-Tea
sg_dataset/images/Beverages/Pokka-Green-Tea/Pokka-Green-Tea_067.jpg,Beverages,Pokka-Green-Tea
sg_dataset/images/Beverages/Pokka-Green-Tea/Pokka-Green-Tea_069.jpg,Beverages,Pokka-Green-Tea
sg_dataset/images/Beverages/Pokka-Green-Tea/Pokka-Green-Tea_071.jpg,Beverages,Pokka-Green-Tea
sg_dataset/images/Beverages/Pokka-Green-Tea/Pokka-Green-Tea_073.jpg,Beverages,Pokka-Green-Tea
sg_dataset/images/Beverages/Pokka-Green-Tea/Pokka-Green-Tea_075.jpg,Beverages,Pokka-Green-Tea
sg_dataset/images/Beverages/Pokka-Green-Tea/Pokka-Green-Tea_077.jpg,Beverages,Pokka-Green-Tea
sg_dataset/images/Beverages/Pokka-Green-Tea/Pokka-Green-Tea_079.jpg,Beverages,Pokka-Green-Tea
sg_dataset/images/Convenience/Prima-Taste-Laksa/Prima-Taste-Laksa_001.jpg,Convenience,Prima-Taste-Laksa
sg_dataset/images/Convenience/Prima-Taste-Laksa/Prima-Taste-Laksa_003.jpg,Convenience,Prima-Taste-Laksa
sg_dataset/images/Convenience/Prima-Taste-Laksa/Prima-Taste-Laksa_005.jpg,Convenience,Prima-Taste-Laksa
sg_dataset/images/Convenience/Prima-Taste-Laksa/Prima-Taste-Laksa_007.jpg,Convenience,Prima-Taste-Laksa
sg_dataset/images/Convenience/Prima-Taste-Laksa/Prima-Taste-Laksa_009.jpg,Convenience,Prima-Taste-Laksa
sg_dataset/images/Convenience/Prima-Taste-Laksa/Prima-Taste-Laksa_011.jpg,Convenience,Prima-Taste-Laksa
sg_dataset/images/Convenience/Prima-Taste-Laksa/Prima-Taste-Laksa_013.jpg,Convenience,Prima-Taste-Laksa
sg_dataset/images/Convenience/Prima-Taste-Laksa/Prima-Taste-Laksa_015.jpg,Convenience,Prima-Taste-Laksa
sg_dataset/images/Convenience/Prima-Taste-Laksa/Prima-Taste-Laksa_017.jpg,Convenience,Prima-Taste-Laksa
sg_dataset/images/Convenience/Prima-Taste-Laksa/Prima-Taste-Laksa_019.jpg,Convenience,Prima-Taste-Laksa
sg_dataset/images/Convenience/Prima-Taste-Laksa/Prima-Taste-Laksa_021.jpg,Convenience,Prima-Taste-Laksa
sg_dataset/images/Convenience/Prima-Taste-Laksa/Prima-Taste-Laksa_023.jpg,Convenience,Prima-Taste-Laksa
sg_dataset/images/Convenience/Prima-Taste-Laksa/Prima-Taste-Laksa_025.jpg,Convenience,Prima-Taste-Laksa
sg_dataset/images/Convenience/Prima-Taste-Laksa/Prima-Taste-Laksa_027.jpg,Convenience,Prima-Taste-Laksa
sg_dataset/images/Convenience/Prima-Taste-Laksa/Prima-Taste-Laksa_029.jpg,Convenience,Prima-Taste-Laksa
sg_dataset/images/Convenience/Prima-Taste-Laksa/Prima-Taste-Laksa_031.jpg,Convenience,Prima-Taste-Laksa
sg_dataset/images/Convenience/Prima-Taste-Laksa/Prima-Taste-Laksa_033.jpg,Convenience,Prima-Taste-Laksa
sg_dataset/images/Convenience/Prima-Taste-Laksa/Prima-Taste-Laksa_035.jpg,Convenience,Prima-Taste-Laksa
sg_dataset/images/Convenience/Prima-Taste-Laksa/Prima-Taste-Laksa_037.jpg,Convenience,Prima-Taste-Laksa
sg_dataset/images/Convenience/Prima-Taste-Laksa/Prima-Taste-Laksa_039.jpg,Convenience,Prima-Taste-Laksa
sg_dataset/images/Convenience/Prima-Taste-Laksa/Prima-Taste-Laksa_042.jpg,Convenience,Prima-Taste-Laksa
sg_dataset/images/Convenience/Prima-Taste-Laksa/Prima-Taste-Laksa_044.jpg,Convenience,Prima-Taste-Laksa
sg_dataset/images/Convenience/Prima-Taste-Laksa/Prima-Taste-Laksa_046.jpg,Convenience,Prima-Taste-Laksa
sg_dataset/images/Convenience/Prima-Taste-Laksa/Prima-Taste-Laksa_048.jpg,Convenience,Prima-Taste-Laksa
sg_dataset/images/Convenience/Prima-Taste-Laksa/Prima-Taste-Laksa_050.jpg,Convenience,Prima-Taste-Laksa
sg_dataset/images/Convenience/Prima-Taste-Laksa/Prima-Taste-Laksa_052.jpg,Convenience,Prima-Taste-Laksa
sg_dataset/images/Convenience/Prima-Taste-Laksa/Prima-Taste-Laksa_054.jpg,Convenience,Prima-Taste-Laksa
sg_dataset/images/Convenience/Prima-Taste-Laksa/Prima-Taste-Laksa_056.jpg,Convenience,Prima-Taste-Laksa
sg_dataset/images/Convenience/Prima-Taste-Laksa/Prima-Taste-Laksa_058.jpg,Convenience,Prima-Taste-Laksa
sg_dataset/images/Convenience/Prima-Taste-Laksa/Prima-Taste-Laksa_060.jpg,Convenience,Prima-Taste-Laksa
sg_dataset/images/Convenience/Prima-Taste-Laksa/Prima-Taste-Laksa_062.jpg,Convenience,Prima-Taste-Laksa
sg_dataset/images/Convenience/Prima-Taste-Laksa/Prima-Taste-Laksa_064.jpg,Convenience,Prima-Taste-Laksa
sg_dataset/images/Convenience/Prima-Taste-Laksa/Prima-Taste-Laksa_068.jpg,Convenience,Prima-Taste-Laksa
sg_dataset/images/Convenience/Prima-Taste-Laksa/Prima-Taste-Laksa_070.jpg,Convenience,Prima-Taste-Laksa
sg_dataset/images/Convenience/Prima-Taste-Laksa/Prima-Taste-Laksa_075.jpg,Convenience,Prima-Taste-Laksa
sg_dataset/images/Convenience/Prima-Taste-Laksa/Prima-Taste-Laksa_077.jpg,Convenience,Prima-Taste-Laksa
sg_dataset/images/Convenience/Prima-Taste-Laksa/Prima-Taste-Laksa_079.jpg,Convenience,Prima-Taste-Laksa
sg_dataset/images/Convenience/Prima-Taste-Laksa/Prima-Taste-Laksa_081.jpg,Convenience,Prima-Taste-Laksa
sg_dataset/images/Convenience/Prima-Taste-Laksa/Prima-Taste-Laksa_088.jpg,Convenience,Prima-Taste-Laksa
sg_dataset/images/Convenience/Prima-Taste-Laksa/Prima-Taste-Laksa_090.jpg,Convenience,Prima-Taste-Laksa
sg_dataset/images/Vegetables/Red-Chilli/Red-Chilli_001.jpg,Vegetables,Red-Chilli
sg_dataset/images/Vegetables/Red-Chilli/Red-Chilli_003_aug_flip.jpg,Vegetables,Red-Chilli
sg_dataset/images/Vegetables/Red-Chilli/Red-Chilli_004_aug_rot8.jpg,Vegetables,Red-Chilli
sg_dataset/images/Vegetables/Red-Chilli/Red-Chilli_005_aug_rot-8.jpg,Vegetables,Red-Chilli
sg_dataset/images/Vegetables/Red-Chilli/Red-Chilli_006_aug_bright.jpg,Vegetables,Red-Chilli
sg_dataset/images/Vegetables/Red-Chilli/Red-Chilli_007_aug_dark.jpg,Vegetables,Red-Chilli
sg_dataset/images/Vegetables/Red-Chilli/Red-Chilli_008_aug_contrast.jpg,Vegetables,Red-Chilli
sg_dataset/images/Vegetables/Red-Chilli/Red-Chilli_009_aug_sat.jpg,Vegetables,Red-Chilli
sg_dataset/images/Vegetables/Red-Chilli/Red-Chilli_010_aug_crop.jpg,Vegetables,Red-Chilli
sg_dataset/images/Vegetables/Red-Chilli/Red-Chilli_011_aug_flip.jpg,Vegetables,Red-Chilli
sg_dataset/images/Vegetables/Red-Chilli/Red-Chilli_012_aug_rot8.jpg,Vegetables,Red-Chilli
sg_dataset/images/Vegetables/Red-Chilli/Red-Chilli_013_aug_rot-8.jpg,Vegetables,Red-Chilli
sg_dataset/images/Vegetables/Red-Chilli/Red-Chilli_014_aug_bright.jpg,Vegetables,Red-Chilli
sg_dataset/images/Vegetables/Red-Chilli/Red-Chilli_015_aug_dark.jpg,Vegetables,Red-Chilli
sg_dataset/images/Vegetables/Red-Chilli/Red-Chilli_016_aug_contrast.jpg,Vegetables,Red-Chilli
sg_dataset/images/Vegetables/Red-Chilli/Red-Chilli_017_aug_sat.jpg,Vegetables,Red-Chilli
sg_dataset/images/Vegetables/Red-Chilli/Red-Chilli_018_aug_crop.jpg,Vegetables,Red-Chilli
sg_dataset/images/Vegetables/Red-Chilli/Red-Chilli_019_aug_flip.jpg,Vegetables,Red-Chilli
sg_dataset/images/Vegetables/Red-Chilli/Red-Chilli_020_aug_rot8.jpg,Vegetables,Red-Chilli
sg_dataset/images/Vegetables/Red-Chilli/Red-Chilli_021_aug_rot-8.jpg,Vegetables,Red-Chilli
sg_dataset/images/Vegetables/Red-Chilli/Red-Chilli_022_aug_bright.jpg,Vegetables,Red-Chilli
sg_dataset/images/Vegetables/Red-Chilli/Red-Chilli_023_aug_dark.jpg,Vegetables,Red-Chilli
sg_dataset/images/Vegetables/Red-Chilli/Red-Chilli_024_aug_contrast.jpg,Vegetables,Red-Chilli
sg_dataset/images/Vegetables/Red-Chilli/Red-Chilli_025_aug_sat.jpg,Vegetables,Red-Chilli
sg_dataset/images/Vegetables/Red-Chilli/Red-Chilli_026_aug_crop.jpg,Vegetables,Red-Chilli
sg_dataset/images/Vegetables/Red-Chilli/Red-Chilli_027_aug_flip.jpg,Vegetables,Red-Chilli
sg_dataset/images/Vegetables/Red-Chilli/Red-Chilli_028_aug_rot8.jpg,Vegetables,Red-Chilli
sg_dataset/images/Vegetables/Red-Chilli/Red-Chilli_029_aug_rot-8.jpg,Vegetables,Red-Chilli
sg_dataset/images/Vegetables/Red-Chilli/Red-Chilli_030_aug_bright.jpg,Vegetables,Red-Chilli
sg_dataset/images/Vegetables/Red-Chilli/Red-Chilli_031_aug_dark.jpg,Vegetables,Red-Chilli
sg_dataset/images/Vegetables/Red-Chilli/Red-Chilli_032_aug_contrast.jpg,Vegetables,Red-Chilli
sg_dataset/images/Vegetables/Red-Chilli/Red-Chilli_033_aug_sat.jpg,Vegetables,Red-Chilli
sg_dataset/images/Vegetables/Red-Chilli/Red-Chilli_034_aug_crop.jpg,Vegetables,Red-Chilli
sg_dataset/images/Vegetables/Red-Chilli/Red-Chilli_035_aug_flip.jpg,Vegetables,Red-Chilli
sg_dataset/images/Vegetables/Red-Chilli/Red-Chilli_036_aug_rot8.jpg,Vegetables,Red-Chilli
sg_dataset/images/Vegetables/Red-Chilli/Red-Chilli_037_aug_rot-8.jpg,Vegetables,Red-Chilli
sg_dataset/images/Vegetables/Red-Chilli/Red-Chilli_038_aug_bright.jpg,Vegetables,Red-Chilli
sg_dataset/images/Vegetables/Red-Chilli/Red-Chilli_039_aug_dark.jpg,Vegetables,Red-Chilli
sg_dataset/images/Vegetables/Red-Chilli/Red-Chilli_040_aug_contrast.jpg,Vegetables,Red-Chilli
sg_dataset/images/Vegetables/Red-Chilli/Red-Chilli_041_aug_sat.jpg,Vegetables,Red-Chilli
sg_dataset/images/Staples/SongHe-Rice/SongHe-Rice_001.jpg,Staples,SongHe-Rice
sg_dataset/images/Staples/SongHe-Rice/SongHe-Rice_003.jpg,Staples,SongHe-Rice
sg_dataset/images/Staples/SongHe-Rice/SongHe-Rice_005.jpg,Staples,SongHe-Rice
sg_dataset/images/Staples/SongHe-Rice/SongHe-Rice_007.jpg,Staples,SongHe-Rice
sg_dataset/images/Staples/SongHe-Rice/SongHe-Rice_009.jpg,Staples,SongHe-Rice
sg_dataset/images/Staples/SongHe-Rice/SongHe-Rice_011.jpg,Staples,SongHe-Rice
sg_dataset/images/Staples/SongHe-Rice/SongHe-Rice_013.jpg,Staples,SongHe-Rice
sg_dataset/images/Staples/SongHe-Rice/SongHe-Rice_015.jpg,Staples,SongHe-Rice
sg_dataset/images/Staples/SongHe-Rice/SongHe-Rice_017.jpg,Staples,SongHe-Rice
sg_dataset/images/Staples/SongHe-Rice/SongHe-Rice_019.jpg,Staples,SongHe-Rice
sg_dataset/images/Staples/SongHe-Rice/SongHe-Rice_021.jpg,Staples,SongHe-Rice
sg_dataset/images/Staples/SongHe-Rice/SongHe-Rice_023.jpg,Staples,SongHe-Rice
sg_dataset/images/Staples/SongHe-Rice/SongHe-Rice_025.jpg,Staples,SongHe-Rice
sg_dataset/images/Staples/SongHe-Rice/SongHe-Rice_027.jpg,Staples,SongHe-Rice
sg_dataset/images/Staples/SongHe-Rice/SongHe-Rice_029.jpg,Staples,SongHe-Rice
sg_dataset/images/Staples/SongHe-Rice/SongHe-Rice_031.jpg,Staples,SongHe-Rice
sg_dataset/images/Staples/SongHe-Rice/SongHe-Rice_033.jpg,Staples,SongHe-Rice
sg_dataset/images/Staples/SongHe-Rice/SongHe-Rice_035.jpg,Staples,SongHe-Rice
sg_dataset/images/Staples/SongHe-Rice/SongHe-Rice_037.jpg,Staples,SongHe-Rice
sg_dataset/images/Staples/SongHe-Rice/SongHe-Rice_039.jpg,Staples,SongHe-Rice
sg_dataset/images/Staples/SongHe-Rice/SongHe-Rice_041.jpg,Staples,SongHe-Rice
sg_dataset/images/Staples/SongHe-Rice/SongHe-Rice_043.jpg,Staples,SongHe-Rice
sg_dataset/images/Staples/SongHe-Rice/SongHe-Rice_045.jpg,Staples,SongHe-Rice
sg_dataset/images/Staples/SongHe-Rice/SongHe-Rice_047.jpg,Staples,SongHe-Rice
sg_dataset/images/Staples/SongHe-Rice/SongHe-Rice_049.jpg,Staples,SongHe-Rice
sg_dataset/images/Staples/SongHe-Rice/SongHe-Rice_051.jpg,Staples,SongHe-Rice
sg_dataset/images/Staples/SongHe-Rice/SongHe-Rice_053.jpg,Staples,SongHe-Rice
sg_dataset/images/Staples/SongHe-Rice/SongHe-Rice_055.jpg,Staples,SongHe-Rice
sg_dataset/images/Staples/SongHe-Rice/SongHe-Rice_057.jpg,Staples,SongHe-Rice
sg_dataset/images/Staples/SongHe-Rice/SongHe-Rice_059.jpg,Staples,SongHe-Rice
sg_dataset/images/Staples/SongHe-Rice/SongHe-Rice_061.jpg,Staples,SongHe-Rice
sg_dataset/images/Staples/SongHe-Rice/SongHe-Rice_063.jpg,Staples,SongHe-Rice
sg_dataset/images/Staples/SongHe-Rice/SongHe-Rice_065.jpg,Staples,SongHe-Rice
sg_dataset/images/Staples/SongHe-Rice/SongHe-Rice_067.jpg,Staples,SongHe-Rice
sg_dataset/images/Staples/SongHe-Rice/SongHe-Rice_069.jpg,Staples,SongHe-Rice
sg_dataset/images/Staples/SongHe-Rice/SongHe-Rice_071.jpg,Staples,SongHe-Rice
sg_dataset/images/Staples/SongHe-Rice/SongHe-Rice_073.jpg,Staples,SongHe-Rice
sg_dataset/images/Staples/SongHe-Rice/SongHe-Rice_075.jpg,Staples,SongHe-Rice
sg_dataset/images/Staples/SongHe-Rice/SongHe-Rice_077.jpg,Staples,SongHe-Rice
sg_dataset/images/Staples/SongHe-Rice/SongHe-Rice_079.jpg,Staples,SongHe-Rice
sg_dataset/images/Beverages/Yeos-Chrysanthemum-Tea/Yeos-Chrysanthemum-Tea_001.jpg,Beverages,Yeos-Chrysanthemum-Tea
sg_dataset/images/Beverages/Yeos-Chrysanthemum-Tea/Yeos-Chrysanthemum-Tea_003.jpg,Beverages,Yeos-Chrysanthemum-Tea
sg_dataset/images/Beverages/Yeos-Chrysanthemum-Tea/Yeos-Chrysanthemum-Tea_005.jpg,Beverages,Yeos-Chrysanthemum-Tea
sg_dataset/images/Beverages/Yeos-Chrysanthemum-Tea/Yeos-Chrysanthemum-Tea_007.jpg,Beverages,Yeos-Chrysanthemum-Tea
sg_dataset/images/Beverages/Yeos-Chrysanthemum-Tea/Yeos-Chrysanthemum-Tea_009.jpg,Beverages,Yeos-Chrysanthemum-Tea
sg_dataset/images/Beverages/Yeos-Chrysanthemum-Tea/Yeos-Chrysanthemum-Tea_011.jpg,Beverages,Yeos-Chrysanthemum-Tea
sg_dataset/images/Beverages/Yeos-Chrysanthemum-Tea/Yeos-Chrysanthemum-Tea_013.jpg,Beverages,Yeos-Chrysanthemum-Tea
sg_dataset/images/Beverages/Yeos-Chrysanthemum-Tea/Yeos-Chrysanthemum-Tea_015.jpg,Beverages,Yeos-Chrysanthemum-Tea
sg_dataset/images/Beverages/Yeos-Chrysanthemum-Tea/Yeos-Chrysanthemum-Tea_017.jpg,Beverages,Yeos-Chrysanthemum-Tea
sg_dataset/images/Beverages/Yeos-Chrysanthemum-Tea/Yeos-Chrysanthemum-Tea_019.jpg,Beverages,Yeos-Chrysanthemum-Tea
sg_dataset/images/Beverages/Yeos-Chrysanthemum-Tea/Yeos-Chrysanthemum-Tea_021.jpg,Beverages,Yeos-Chrysanthemum-Tea
sg_dataset/images/Beverages/Yeos-Chrysanthemum-Tea/Yeos-Chrysanthemum-Tea_023.jpg,Beverages,Yeos-Chrysanthemum-Tea
sg_dataset/images/Beverages/Yeos-Chrysanthemum-Tea/Yeos-Chrysanthemum-Tea_025.jpg,Beverages,Yeos-Chrysanthemum-Tea
sg_dataset/images/Beverages/Yeos-Chrysanthemum-Tea/Yeos-Chrysanthemum-Tea_027.jpg,Beverages,Yeos-Chrysanthemum-Tea
sg_dataset/images/Beverages/Yeos-Chrysanthemum-Tea/Yeos-Chrysanthemum-Tea_029.jpg,Beverages,Yeos-Chrysanthemum-Tea
sg_dataset/images/Beverages/Yeos-Chrysanthemum-Tea/Yeos-Chrysanthemum-Tea_031.jpg,Beverages,Yeos-Chrysanthemum-Tea
sg_dataset/images/Beverages/Yeos-Chrysanthemum-Tea/Yeos-Chrysanthemum-Tea_033.jpg,Beverages,Yeos-Chrysanthemum-Tea
sg_dataset/images/Beverages/Yeos-Chrysanthemum-Tea/Yeos-Chrysanthemum-Tea_035.jpg,Beverages,Yeos-Chrysanthemum-Tea
sg_dataset/images/Beverages/Yeos-Chrysanthemum-Tea/Yeos-Chrysanthemum-Tea_037.jpg,Beverages,Yeos-Chrysanthemum-Tea
sg_dataset/images/Beverages/Yeos-Chrysanthemum-Tea/Yeos-Chrysanthemum-Tea_039.jpg,Beverages,Yeos-Chrysanthemum-Tea
sg_dataset/images/Beverages/Yeos-Chrysanthemum-Tea/Yeos-Chrysanthemum-Tea_041.jpg,Beverages,Yeos-Chrysanthemum-Tea
sg_dataset/images/Beverages/Yeos-Chrysanthemum-Tea/Yeos-Chrysanthemum-Tea_043.jpg,Beverages,Yeos-Chrysanthemum-Tea
sg_dataset/images/Beverages/Yeos-Chrysanthemum-Tea/Yeos-Chrysanthemum-Tea_045.jpg,Beverages,Yeos-Chrysanthemum-Tea
sg_dataset/images/Beverages/Yeos-Chrysanthemum-Tea/Yeos-Chrysanthemum-Tea_047.jpg,Beverages,Yeos-Chrysanthemum-Tea
sg_dataset/images/Beverages/Yeos-Chrysanthemum-Tea/Yeos-Chrysanthemum-Tea_049.jpg,Beverages,Yeos-Chrysanthemum-Tea
sg_dataset/images/Beverages/Yeos-Chrysanthemum-Tea/Yeos-Chrysanthemum-Tea_051.jpg,Beverages,Yeos-Chrysanthemum-Tea
sg_dataset/images/Beverages/Yeos-Chrysanthemum-Tea/Yeos-Chrysanthemum-Tea_053.jpg,Beverages,Yeos-Chrysanthemum-Tea
sg_dataset/images/Beverages/Yeos-Chrysanthemum-Tea/Yeos-Chrysanthemum-Tea_055.jpg,Beverages,Yeos-Chrysanthemum-Tea
sg_dataset/images/Beverages/Yeos-Chrysanthemum-Tea/Yeos-Chrysanthemum-Tea_057.jpg,Beverages,Yeos-Chrysanthemum-Tea
sg_dataset/images/Beverages/Yeos-Chrysanthemum-Tea/Yeos-Chrysanthemum-Tea_059.jpg,Beverages,Yeos-Chrysanthemum-Tea
sg_dataset/images/Beverages/Yeos-Chrysanthemum-Tea/Yeos-Chrysanthemum-Tea_061.jpg,Beverages,Yeos-Chrysanthemum-Tea
sg_dataset/images/Beverages/Yeos-Chrysanthemum-Tea/Yeos-Chrysanthemum-Tea_063.jpg,Beverages,Yeos-Chrysanthemum-Tea
sg_dataset/images/Beverages/Yeos-Chrysanthemum-Tea/Yeos-Chrysanthemum-Tea_065.jpg,Beverages,Yeos-Chrysanthemum-Tea
sg_dataset/images/Beverages/Yeos-Chrysanthemum-Tea/Yeos-Chrysanthemum-Tea_067.jpg,Beverages,Yeos-Chrysanthemum-Tea
sg_dataset/images/Beverages/Yeos-Chrysanthemum-Tea/Yeos-Chrysanthemum-Tea_069.jpg,Beverages,Yeos-Chrysanthemum-Tea
sg_dataset/images/Beverages/Yeos-Chrysanthemum-Tea/Yeos-Chrysanthemum-Tea_071.jpg,Beverages,Yeos-Chrysanthemum-Tea
sg_dataset/images/Beverages/Yeos-Chrysanthemum-Tea/Yeos-Chrysanthemum-Tea_073.jpg,Beverages,Yeos-Chrysanthemum-Tea
sg_dataset/images/Beverages/Yeos-Chrysanthemum-Tea/Yeos-Chrysanthemum-Tea_075.jpg,Beverages,Yeos-Chrysanthemum-Tea
sg_dataset/images/Beverages/Yeos-Chrysanthemum-Tea/Yeos-Chrysanthemum-Tea_077.jpg,Beverages,Yeos-Chrysanthemum-Tea
sg_dataset/images/Beverages/Yeos-Chrysanthemum-Tea/Yeos-Chrysanthemum-Tea_079.jpg,Beverages,Yeos-Chrysanthemum-Tea
